cand_name,cand_party,cand_cons,vote_share,total_reported_spending,electorate_figure,spending_limit,spending_limit_percent,direct_spending,national_spending,unpaid_claims,disputed_claims,advertising,unsolicited_material,transport,public_meeting,agent_staff,accomodation,personal_expenses,donations_accepted
Captain Beany,Independent and Other,Aberavon,2.31,50.00,7,NaN,NaN,50.00,0.00,0.00,0.00,30.00,0.00,20.00,0.00,0.00,0.00,20.00,0.00
Stephen Kinnock,Labour Party,Aberavon,53.83,"12,509.28","50,750","13,136.91",95.22,0.00,0.00,0.00,0.00,569.80,"7,520.80",377.56,0.00,200.00,"3,841.12",0.00,"14,344.00"
Glenda Davies,Brexit Party,Aberavon,9.84,"4,933.78","50,747","13,136.91",37.56,110.28,"4,823.50",0.00,0.00,"2,705.50","2,228.28",0.00,0.00,0.00,0.00,0.00,0.00
Sheila Kingston-Jones,Liberal Democrats,Aberavon,3.39,225.67,NaN,"13,136.91",1.72,90.99,134.68,0.00,0.00,0.00,225.67,0.00,0.00,0.00,0.00,0.00,134.68
Nigel Hunt,Plaid Cymru,Aberavon,8.58,"1,515.00","50,750","13,136.91",11.53,"1,515.00",0.00,0.00,0.00,0.00,"1,515.00",0.00,0.00,0.00,0.00,0.00,0.00
Giorgia Finney,Green Party,Aberavon,1.42,0.00,"49,299","13,136.91",0,0.00,0.00,0.00,0.00,0.00,0.00,0.00,0.00,0.00,0.00,0.00,0.00
Charlotte Lang,Conservative and Unionist Party,Aberavon,20.63,"1,199.30","50,747",NaN,NaN,"1,144.30",55.00,0.00,0.00,0.00,"1,149.30",0.00,0.00,50.00,0.00,0.00,100.00
Robin Millar,Conservative and Unionist Party,Aberconwy,46.09,"9,246.98","43,854","12,548.88",73.69,0.00,"9,246.98",0.00,0.00,"1,590.70","4,883.26",292.72,18.64,"2,099.59",362.07,100.00,"9,246.98"
Emily Owen,Labour Party,Aberconwy,39.71,"10,735.77","43,854","12,646.00",84.89,0.00,"10,735.77",0.00,0.00,"1,892.28","6,372.67",35.30,0.00,"1,475.29",960.23,0.00,"10,735.77"
Jason Edwards,Liberal Democrats,Aberconwy,5.71,"3,582.29","43,854","12,646.86",28.33,"2,224.94","1,357.35",0.00,0.00,467.18,"1,816.90",0.00,70.45,360.00,867.76,0.00,40.00
Lisa Goodier,Plaid Cymru,Aberconwy,8.49,"2,696.27","44,699","12,646.86",21.32,"2,216.24",480.00,0.00,0.00,580.80,"2,115.44",0.00,0.00,0.00,0.00,0.00,0.00
Kirsty Blackman,Scottish National Party,Aberdeen North,54.01,"9,953.85","58,282","12,196.92",81.61,"9,203.85",750.00,0.00,0.00,83.86,"8,972.99",0.00,0.00,0.00,897.00,0.00,"7,607.00"
Isobel Davidson,Liberal Democrats,Aberdeen North,7.61,"2,167.00","62,489","12,449.34",17.41,0.00,"2,167.00",0.00,0.00,0.00,"2,167.00",0.00,0.00,0.00,0.00,11.07,0.00
Guy Ingerson,Scottish Green Party,Aberdeen North,2.35,532.08,"58,282","12,196.92",4.36,0.00,532.08,0.00,0.00,0.00,532.08,0.00,0.00,0.00,0.00,0.00,552.08
Nurul Hoque Ali,Labour Party,Aberdeen North,13.2,"3,089.40","62,489","12,449.34",24.82,"3,089.40",0.00,0.00,0.00,40.04,"3,049.36",0.00,0.00,0.00,0.00,0.00,"3,089.40"
Ryan Houghton,Conservative and Unionist Party,Aberdeen North,20.14,837.35,"62,489","12,449.34",6.73,0.00,837.35,0.00,0.00,147.67,254.68,0.00,0.00,240.00,195.00,0.00,837.35
Ian Yuill,Liberal Democrats,Aberdeen South,11,"4,999.54","65,719",NaN,NaN,"4,209.10",90.44,0.00,0.00,0.00,"4,999.54",0.00,0.00,0.00,0.00,0.00,700.00
Stephen Flynn,Scottish National Party,Aberdeen South,44.67,"9,467.95","61,890","12,413.40",76.27,"8,667.95",800.00,0.00,0.00,50.00,"8,667.95",0.00,0.00,0.00,750.00,0.00,"8,200.00"
Douglas Lumsden,Conservative and Unionist Party,Aberdeen South,35.93,"11,454.90","65,719","12,643.14",90.6,0.00,"11,454.90",0.00,0.00,909.47,"7,133.35",0.00,0.00,"1,210.00","2,202.08",65.00,"11,454.90"
Shona Simpson,Labour Party,Aberdeen South,8.4,"1,833.00","65,719","12,643.14",14.5,"1,833.00",0.00,0.00,0.00,0.00,"1,833.00",0.00,0.00,0.00,0.00,0.00,"1,833.00"
Neil Gray,Scottish National Party,Airdrie and Shotts,45.08,"12,223.82","62,889","14,360.01",85.12,"12,093.82",130.00,0.00,0.00,452.69,"8,021.00",0.00,180.00,0.00,"3,569.50",200.00,"10,616.51"
Rosemary McGowan,Scottish Green Party,Airdrie and Shotts,1.72,367.80,"62,889","14,360.00",2.56,367.80,0.00,0.00,0.00,0.00,367.80,0.00,0.00,0.00,0.00,0.00,180.00
Helen McFarlane,Labour Party,Airdrie and Shotts,32,"11,988.71","62,889","14,360.01",83.49,0.00,"11,988.71",0.00,0.00,"1,686.12","4,100.00",0.00,0.00,"1,788.41","4,414.18",0.00,"11,988.71"
Lorraine Nolan,Conservative and Unionist Party,Airdrie and Shotts,17.63,"1,366.60","62,889","14,360.01",9.52,0.00,"1,366.60",0.00,0.00,59.68,"1,140.92",0.00,0.00,49.00,117.00,0.00,"1,366.60"
William Crossman,Liberal Democrats,Airdrie and Shotts,3.57,"1,656.80","62,889","12,473.34",13.28,6.60,"1,650.20",0.00,0.00,0.00,"1,650.20",0.00,0.00,0.00,6.60,0.00,"1,656.80"
Alan Hilliar,Liberal Democrats,Aldershot,14.44,"5,040.40","71,127","12,991.62",38.8,"5,040.40",0.00,0.00,0.00,869.46,"4,039.46",0.00,0.00,0.00,131.78,100.00,"6,550.00"
Leo Docherty,Conservative and Unionist Party,Aldershot,58.37,"7,667.29","72,617","13,057.02",58.72,"7,518.51",148.58,0.00,0.00,"1,116.36","4,407.84",108.90,400.00,117.00,"1,517.19",0.00,"3,148.58"
Howard Kaye,Labour Party,Aldershot,23.54,"2,718.00","72,617","13,057.02",20.82,0.00,"2,718.00",0.00,0.00,199.00,"2,519.00",0.00,0.00,0.00,0.00,0.00,"2,718.00"
Donna Wallace,Green Party,Aldershot,3.65,98.11,"72,617","13,057.02",0.75,98.11,0.00,0.00,0.00,0.00,98.11,0.00,0.00,0.00,0.00,0.00,220.00
Ian Garrett,Liberal Democrats,Aldridge-Brownhills,6.03,660.40,"60,123","12,307.38",5.37,660.40,0.00,0.00,0.00,0.00,660.40,0.00,0.00,0.00,0.00,0.00,NaN
Wendy Morton,Conservative and Unionist Party,Aldridge-Brownhills,70.79,"11,952.36","60,123","12,307.38",97.12,"9,780.69","2,171.67",0.00,0.00,477.34,"9,184.40",0.00,0.00,830.00,"1,460.62",0.00,"11,952.96"
Mark Beech,Independent and Other,Aldridge-Brownhills,0.85,0.00,NaN,NaN,NaN,0.00,0.00,0.00,0.00,0.00,0.00,0.00,0.00,0.00,0.00,0.00,0.00
David Morgan,Labour Party,Aldridge-Brownhills,20.37,460.87,"59,137",NaN,NaN,0.00,460.87,0.00,0.00,252.27,191.35,0.00,0.00,0.00,17.25,0.00,460.87
Bill McComish,Green Party,Aldridge-Brownhills,1.96,0.00,"60,138","12,308.28",0,0.00,0.00,0.00,0.00,0.00,0.00,0.00,0.00,0.00,0.00,0.00,0.00
Graham Brady,Conservative and Unionist Party,Altrincham and Sale West,48.05,"11,614.56","71,724","13,003.44",89.32,"4,258.80","7,355.78",0.00,0.00,"1,119.60","6,804.77",0.00,0.00,"2,499.39","1,190.80",0.00,"11,614.56"
Angela Smith,Liberal Democrats,Altrincham and Sale West,11.02,"8,900.26","72,156","13,029.36",68.31,"7,244.02","1,656.24",0.00,0.00,151.06,"6,932.46",0.00,0.00,"1,000.00",816.74,0.00,"12,614.22"
Geraldine Coggins,Green Party,Altrincham and Sale West,2.86,974.27,"72,174","13,030.44",7.48,974.27,0.00,0.00,0.00,35.50,938.77,0.00,0.00,0.00,0.00,0.00,0.00
Andrew Western,Labour Party,Altrincham and Sale West,36.84,"11,288.46",NaN,"13,030.44",86.63,"10,712.54",575.92,0.00,0.00,686.77,"6,687.39",0.00,0.00,"1,525.68","2,388.62",0.00,"15,501.92"
Neil Taylor,Independent and Other,Altrincham and Sale West,0.83,"1,050.00","72,174","13,030.44",8.06,"1,050.00",0.00,0.00,0.00,0.00,"1,050.00",0.00,0.00,0.00,0.00,"1,050.00","1,550.00"
Iram Kiani,Independent and Other,Altrincham and Sale West,0.41,"1,495.70","71,724","13,003.44",11.5,"1,495.70",0.00,0.00,0.00,199.70,"1,286.00",0.00,0.00,0.00,10.00,33.14,500.00
Mark Tami,Labour Party,Alyn and Deeside,42.48,"10,112.10","62,000","14,241.57",71,0.00,"10,112.10",0.00,0.00,"1,055.91","8,190.31",235.00,0.00,6.60,624.28,0.00,"5,843.42"
Sanjoy Sen,Conservative and Unionist Party,Alyn and Deeside,41.99,"9,384.09","61,573","14,241.57",65.89,0.00,"9,384.09",0.00,0.00,"1,473.21","5,848.86",0.00,164.38,"1,153.60",744.04,"1,000.00","9,384.09"
Donna Lalek,Liberal Democrats,Alyn and Deeside,5.92,"2,790.07","62,783","14,350.47",19.44,"2,790.07",0.00,0.00,0.00,0.00,"2,705.77",0.00,0.00,0.00,84.30,0.00,0.00
Susan Hills,Plaid Cymru,Alyn and Deeside,3.38,"1,095.00",NaN,NaN,NaN,"1,095.00",0.00,0.00,0.00,0.00,"1,095.00",0.00,0.00,0.00,0.00,0.00,0.00
Simon Wall,Brexit Party,Alyn and Deeside,6.23,"3,446.00",NaN,NaN,NaN,0.00,"3,446.00",0.00,0.00,500.00,"2,746.00",200.00,0.00,0.00,0.00,0.00,0.00
Nigel Mills,Conservative and Unionist Party,Amber Valley,63.85,"9,746.25","69,976","14,997.84",64.98,"8,189.25","1,557.00",0.00,0.00,"1,175.17","7,021.08",0.00,150.00,850.00,550.00,300.94,"9,746.25"
Lian Pizzey,Green Party,Amber Valley,3.05,0.00,NaN,NaN,0,0.00,0.00,0.00,0.00,0.00,0.00,0.00,0.00,0.00,0.00,0.00,0.00
Adam Thompson,Labour Party,Amber Valley,26.8,"4,081.25","68,679","14,881.11",27.43,0.00,"4,081.25",0.00,0.00,655.00,"3,363.07",0.00,0.00,0.00,63.18,0.00,429.50
Kirstene Hair,Conservative and Unionist Party,Angus,40.35,"12,863.26","62,515","14,326.35",89.79,0.00,"12,863.26",0.00,0.00,"2,998.84","6,648.30",0.00,0.00,"1,270.00","1,946.12",180.00,"12,863.26"
Dave Doogan,Scottish National Party,Angus,49.15,"13,479.39","62,515","14,326.25",94.09,"12,111.09","1,368.30",0.00,0.00,"2,848.65","9,280.74",0.00,0.00,0.00,"1,350.00",0.00,"13,479.39"
Ben Lawrie,Liberal Democrats,Angus,5.75,"2,381.36","62,515","14,326.35",16.62,"2,381.36",0.00,0.00,0.00,0.00,"2,381.36",0.00,0.00,0.00,0.00,0.00,405.04
Monique Miller,Labour Party,Angus,4.75,"1,838.90","47,000","14,326.35",12.84,"1,838.90",0.00,0.00,0.00,35.50,"1,562.00",197.35,0.00,28.85,15.20,155.25,0.00
Hywel Williams,Plaid Cymru,Arfon,45.17,"10,524.63","42,215","12,215.67",86.16,"10,524.63",0.00,0.00,0.00,"3,621.63","5,562.00",0.00,0.00,450.00,891.00,0.00,"6,060.00"
Gary Gribben,Brexit Party,Arfon,3.99,0.00,"42,215","12,215.67",0,0.00,0.00,0.00,0.00,0.00,0.00,0.00,0.00,0.00,0.00,0.00,0.00
Gonul Daniels,Conservative and Unionist Party,Arfon,15.23,"5,520.27","39,063","12,215.67",45.19,0.00,"5,520.27",0.00,0.00,"3,989.64","1,076.63",136.62,0.00,116.14,201.24,850.00,"5,520.27"
Gary Mulvaney,Conservative and Unionist Party,Argyll and Bute,35.23,"13,309.66","64,796","14,531.64",91.59,0.00,"13,309.66",0.00,0.00,"3,212.69","6,676.58",0.00,0.00,755.00,"2,665.39",295.00,"13,309.66"
Alan Reid,Liberal Democrats,Argyll and Bute,14.22,"9,518.86","64,796","14,531.64",65.5,"4,959.83","4,556.03",0.00,0.00,"2,988.76","6,343.02",0.00,0.00,123.08,61.00,668.33,"12,816.03"
Rhea Barnes,Labour Party,Argyll and Bute,6.76,"2,920.15","64,796","14,531.64",20.1,"2,920.15",0.00,0.00,0.00,274.15,"2,646.00",0.00,0.00,0.00,0.00,207.60,"2,646.00"
Isabel Thurston,Green Party,Arundel and South Downs,4.1,652.91,"38,609","12,174.81",5.36,652.91,0.00,0.00,0.00,0.00,652.91,0.00,0.00,0.00,0.00,0.00,300.00
Alison Bennett,Liberal Democrats,Arundel and South Downs,21.24,"10,454.75","81,276","16,014.84",65.28,"10,102.07",352.68,0.00,0.00,"1,683.90","8,040.47",0.00,257.10,0.00,473.28,360.00,"11,489.37"
Robert Wheal,Independent and Other,Arundel and South Downs,0.91,977.62,"80,167","15,915.03",6.14,977.62,0.00,0.00,0.00,604.23,285.00,0.00,35.49,52.90,0.00,0.00,0.00
Andrew Griffith,Conservative and Unionist Party,Arundel and South Downs,57.92,"9,047.18","81,726","16,055.34",56.35,"7,130.40","1,916.78",0.00,0.00,"1,508.76","5,469.66",0.00,27.03,"1,875.75",165.98,0.00,"9,047.18"
Bella Sankey,Labour Party,Arundel and South Downs,15.83,"5,625.91","76,697","15,602.73",36.06,"5,625.91",0.00,0.00,0.00,"1,490.22","3,134.24",700.00,0.00,0.00,0.00,NaN,0.00
Jason Zadrozny,Independent and Other,Ashfield,27.56,"15,480.22","77,356","15,662.04",98.84,"15,180.22",300.00,0.00,0.00,"1,878.72","13,301.50",0.00,0.00,0.00,300.00,230.00,0.00
Rebecca Wain,Liberal Democrats,Ashfield,2.26,94.43,"77,356","15,662.04",0.6,94.43,0.00,0.00,0.00,0.00,69.03,0.00,10.00,0.00,15.40,81.00,150.00
Lee Anderson,Conservative and Unionist Party,Ashfield,39.26,"13,114.75","77,356","15,662.04",83.74,0.00,"13,114.75",0.00,0.00,"2,678.92","8,795.69",0.00,160.05,958.17,521.92,300.00,"31,089.74"
Martin Daubney,Brexit Party,Ashfield,5.11,"7,437.80","71,563","15,662.04",47.49,"7,437.80",0.00,0.00,0.00,"1,031.89","5,235.72",26.60,0.00,900.00,243.59,327.61,0.00
Natalie Fleet,Labour Party,Ashfield,24.44,"12,371.98","77,356","15,662.04",78.99,0.00,"12,371.98",0.00,0.00,"1,573.00","6,586.73",0.00,0.00,"2,009.20","2,203.05",0.00,"12,371.98"
Damian Green,Conservative and Unionist Party,Ashford,62.06,"8,820.43","89,553","16,759.77",52.63,"8,544.18",276.25,0.00,0.00,319.24,"7,769.36",0.00,0.00,0.00,731.83,0.00,"8,820.43"
Mandy Rossi,Green Party,Ashford,4.39,"1,358.83","87,800","16,602.00",8.18,"1,358.83",0.00,0.00,0.00,351.84,"1,006.99",0.00,0.00,0.00,0.00,0.00,"1,358.53"
Dara Farrell,Labour Party,Ashford,22.05,"2,731.00","87,800","16,602.00",16.45,"2,731.00",0.00,0.00,0.00,0.00,"2,731.00",0.00,0.00,0.00,0.00,0.00,0.00
Adrian Gee-Turner,Liberal Democrats,Ashford,10.07,"3,940.43","87,800","16,602.00",23.73,"3,820.43",120.00,0.00,0.00,174.99,"3,348.81",0.00,0.00,120.00,296.63,0.00,"3,940.43"
Angela Rayner,Labour Party,Ashton-Under-Lyne,48.07,NaN,NaN,NaN,NaN,NaN,NaN,NaN,NaN,NaN,NaN,NaN,NaN,NaN,NaN,NaN,NaN
Lee Huntbach,Green Party,Ashton-Under-Lyne,3.13,NaN,NaN,NaN,NaN,NaN,NaN,NaN,NaN,NaN,NaN,NaN,NaN,NaN,NaN,NaN,NaN
George Rice,Liberal Democrats,Ashton-Under-Lyne,3.62,NaN,NaN,NaN,NaN,NaN,NaN,NaN,NaN,NaN,NaN,NaN,NaN,NaN,NaN,NaN,NaN
Dan Costello,Conservative and Unionist Party,Ashton-Under-Lyne,37.02,NaN,NaN,NaN,NaN,NaN,NaN,NaN,NaN,NaN,NaN,NaN,NaN,NaN,NaN,NaN,NaN
Steven Lambert,Liberal Democrats,Aylesbury,16.64,"7,928.86","85,836","16,425.00",48.27,"7,928.86",0.00,0.00,0.00,207.90,"7,633.29",0.00,0.00,0.00,87.67,0.00,"7,928.86"
Coral Simpson,Green Party,Aylesbury,3.95,0.00,"85,836","7,725.24",0,0.00,0.00,0.00,0.00,0.00,0.00,0.00,0.00,0.00,0.00,0.00,0.00
Liz Hind,Labour Party,Aylesbury,25.36,"3,836.05","85,836","16,425.24",23.35,"3,836.05",0.00,0.00,0.00,234.53,"3,507.63",74.44,0.00,0.00,19.45,19.00,100.00
Rob Butler,Conservative and Unionist Party,Aylesbury,54.04,"14,485.87","85,836","16,425.24",88.19,"4,004.50","10,481.37",0.00,0.00,415.85,"7,708.71",0.00,20.00,"4,605.50","1,735.81",481.59,"14,485.87"
Allan Dorans,Scottish National Party,"Ayr, Carrick and Cumnock",43.51,"10,462.40","70,717","15,064.53",69.45,"10,462.40",0.00,0.00,0.00,"3,316.67","5,845.60","1,223.29",0.00,0.00,76.84,150.00,"10,462.40"
Martin Dowey,Conservative and Unionist Party,"Ayr, Carrick and Cumnock",38.51,"12,419.86","70,717","15,064.53",82.44,0.00,"12,419.86",0.00,0.00,520.45,"8,807.26",0.00,0.00,650.00,"2,442.15",85.00,"12,419.86"
Helena Bongard,Liberal Democrats,"Ayr, Carrick and Cumnock",4.63,0.00,"72,076","15,186.84",0,0.00,0.00,0.00,0.00,0.00,0.00,0.00,0.00,0.00,0.00,0.00,0.00
Duncan Townson,Labour Party,"Ayr, Carrick and Cumnock",13.35,"2,001.05","70,717","15,177.30",13.18,"2,001.05",0.00,0.00,0.00,486.05,"1,519.00",96.00,0.00,0.00,0.00,0.00,0.00
Victoria Prentis,Conservative and Unionist Party,Banbury,54.27,"10,705.54","88,275","16,644.75",64.32,"5,311.02","5,394.52",0.00,0.00,663.39,"5,313.13",226.17,0.00,"1,777.55","2,725.30",210.00,"10,705.54"
Ian Middleton,Green Party,Banbury,4.14,863.00,"88,275","16,644.75",5.18,863.00,0.00,0.00,0.00,263.73,584.21,0.00,0.00,15.83,0.00,0.00,0.00
Suzette Watson,Labour Party,Banbury,27.55,"3,687.88","88,275","16,644.75",22.16,"3,687.88",0.00,0.00,0.00,782.89,"2,271.00",613.99,0.00,0.00,20.00,307.83,"5,000.00"
Tim Bearder,Liberal Democrats,Banbury,14.04,"6,445.49","88,275","16,644.75",38.72,"6,445.49",0.00,0.00,0.00,291.80,"6,153.69",0.00,0.00,0.00,0.00,0.00,"2,010.00"
David Duguid,Conservative and Unionist Party,Banff and Buchan,50.12,"13,520.60","66,655","14,698.95",91.98,0.00,"13,520.60",0.00,0.00,"2,185.84","7,350.16",360.00,0.00,"1,180.00","2,444.60",113.00,"13,520.60"
Paul Robertson,Scottish National Party,Banff and Buchan,40.38,"13,995.95","66,655","14,698.95",95.22,"13,297.95",695.00,0.00,0.00,"1,538.38","9,619.74",0.00,0.00,0.00,"2,837.83",0.00,"13,992.95"
Alison Smith,Liberal Democrats,Banff and Buchan,5.4,"2,255.30","66,655","14,698.95",15.34,"2,213.30",42.00,0.00,0.00,50.00,"2,205.30",0.00,0.00,0.00,0.00,142.94,"2,255.30"
Brian Balcombe,Labour Party,Banff and Buchan,4.1,"1,627.00","66,655","12,699.30",12.81,0.00,"1,627.00",0.00,0.00,0.00,"1,627.00",0.00,0.00,0.00,0.00,0.00,"1,927.00"
Margaret Hodge,Labour Party,Barking,61.17,"4,762.10","76,243","13,274.58",35.87,0.00,"4,762.10",0.00,0.00,644.10,"3,778.00",0.00,0.00,0.00,320.00,0.00,"4,717.10"
Ann Haigh,Liberal Democrats,Barking,3.33,"1,083.50","76,243","13,274.58",8.16,"1,083.50",0.00,0.00,0.00,0.00,583.50,0.00,0.00,0.00,0.00,0.00,"1,083.50"
Shannon Butterfield,Green Party,Barking,1.84,0.00,NaN,NaN,NaN,0.00,0.00,0.00,0.00,0.00,0.00,0.00,0.00,0.00,0.00,0.00,0.00
Tamkeen Shaikh,Conservative and Unionist Party,Barking,26.5,"3,172.36","76,243","13,274.58",23.9,"3,089.80",82.56,0.00,0.00,"1,500.00","1,589.80",0.00,0.00,82.56,0.00,0.00,"2,600.00"
Karen Batley,Brexit Party,Barking,7.16,400.00,NaN,"8,900.00",4.49,NaN,0.00,0.00,0.00,400.00,0.00,0.00,0.00,0.00,0.00,0.00,NaN
Donald Wood,Independent and Other,Barnsley Central,0.51,75.00,"64,000","12,000.00",0.63,75.00,0.00,0.00,0.00,0.00,75.00,0.00,0.00,0.00,0.00,0.00,0.00
Iftikhar Ahmed,Conservative and Unionist Party,Barnsley Central,21.39,"3,706.17","63,948","12,536.88",29.56,0.00,"3,706.17",0.00,0.00,"1,583.40","1,917.59",0.00,0.00,167.15,38.03,0.00,"3,706.17"
Tom Heyes,Green Party,Barnsley Central,2.44,NaN,NaN,NaN,NaN,NaN,NaN,NaN,NaN,NaN,NaN,NaN,NaN,NaN,NaN,NaN,NaN
Victoria Felton,Brexit Party,Barnsley Central,30.44,"6,843.84","65,277","12,536.88",54.59,"6,843.84",0.00,0.00,0.00,"6,843.84",0.00,0.00,0.00,0.00,0.00,0.00,"1,279.00"
Ryan Williams,Independent and Other,Barnsley Central,1.92,9.99,"63,948","12,536.88",0.08,9.99,0.00,0.00,0.00,9.99,0.00,0.00,0.00,0.00,0.00,0.00,0.00
Will Sapwell,Liberal Democrats,Barnsley Central,3.19,0.00,"65,277","12,536.88",0,0.00,0.00,0.00,0.00,0.00,0.00,0.00,0.00,0.00,0.00,0.00,0.00
Jim Ferguson,Brexit Party,Barnsley East,29.19,"8,319.79","69,504","14,833.05",56.09,NaN,NaN,NaN,NaN,"7,319.79",NaN,NaN,NaN,NaN,"1,000.00","1,000.00",NaN
Stephanie Peacock,Labour Party,Barnsley East,37.64,"13,627.45","68,145","14,833.05",91.87,0.00,"13,627.45",0.00,0.00,"2,640.11","10,127.60",58.27,0.00,0.00,801.47,0.00,"13,267.45"
Sophie Thornton,Liberal Democrats,Barnsley East,3.49,0.00,"69,504","14,833.05",0,0.00,0.00,0.00,0.00,0.00,0.00,0.00,0.00,0.00,0.00,0.00,0.00
Adam Gregg,Conservative and Unionist Party,Barnsley East,27.26,"7,613.62","69,510","14,833.05",51.33,0.00,"7,613.62",0.00,0.00,"2,035.90","5,307.14",0.00,0.00,162.35,108.23,0.00,"7,613.62"
Chris Loynes,Green Party,Barrow and Furness,1.53,98.00,"68,809","14,892.81",0.66,98.00,0.00,0.00,0.00,0.00,98.00,0.00,0.00,0.00,0.00,0.00,98.00
Simon Fell,Conservative and Unionist Party,Barrow and Furness,51.85,"14,345.18","68,809","14,892.81",96.32,0.00,"14,345.18",0.00,0.00,"4,462.00","6,621.08",177.25,17.54,"1,236.74","1,830.57",0.00,"14,345.18"
Loraine Birchall,Liberal Democrats,Barrow and Furness,4.4,0.00,"68,809","14,892.81",0,0.00,0.00,0.00,0.00,0.00,0.00,0.00,0.00,0.00,0.00,0.00,0.00
Chris Altree,Labour Party,Barrow and Furness,39.28,"14,119.83","68,809","14,892.81",94.81,0.00,"14,119.83",0.00,0.00,"3,027.57","7,730.62",75.00,120.00,"2,046.64","1,120.00",0.00,"14,119.83"
Ged McGrath,Brexit Party,Barrow and Furness,2.94,"7,410.86","68,809","12,828.54",57.77,33.45,"7,377.41",0.00,0.00,"2,946.91","4,430.50",33.45,0.00,0.00,0.00,60.00,"7,377.41"
John Baron,Conservative and Unionist Party,Basildon and Billericay,67.05,"2,932.13","68,574","12,814.44",22.88,"2,932.13",139.40,0.00,0.00,0.00,"2,486.00",0.00,0.00,0.00,446.13,0.00,"3,400.00"
Edward Sainsbury,Liberal Democrats,Basildon and Billericay,8.48,"2,280.61","69,906","12,814.44",17.8,"2,280.61",0.00,0.00,0.00,0.00,"2,280.61",0.00,0.00,0.00,0.00,0.00,"2,280.61"
Stewart Goshawk,Green Party,Basildon and Billericay,3.16,146.00,"69,906","12,894.36",1.13,146.00,0.00,0.00,0.00,0.00,146.00,0.00,0.00,0.00,0.00,0.00,NaN
Andrew Gordon,Labour Party,Basildon and Billericay,20.8,"2,151.00","68,574","12,814.44",16.79,0.00,"2,151.00",0.00,0.00,30.00,"1,821.00",0.00,0.00,0.00,300.00,0.00,"2,151.00"
Simon Breedon,Independent and Other,Basildon and Billericay,0.15,58.00,"68,574","12,814.44",0.45,58.00,0.00,0.00,0.00,0.00,58.00,0.00,0.00,0.00,0.00,58.00,0.00
Maria Miller,Conservative and Unionist Party,Basingstoke,54.09,"7,111.81","79,824","13,489.44",52.72,"5,184.50","1,927.31",0.00,0.00,145.00,"4,905.50",0.00,0.00,"1,166.36",894.95,0.00,0.00
Alan Stone,Independent and Other,Basingstoke,1.36,"4,657.02","75,000",NaN,NaN,"4,657.02",0.00,0.00,0.00,262.71,"4,394.31",0.00,0.00,0.00,0.00,"4,657.02",0.00
Sashi Mylvaganam,Liberal Democrats,Basingstoke,12.5,"4,702.85","82,928","13,675.68",34.39,"4,238.00",464.85,0.00,0.00,199.92,"4,502.93",0.00,0.00,0.00,0.00,0.00,"4,702.85"
Kerena Marchant,Labour Party,Basingstoke,28.14,"8,024.89","79,824","13,489.44",59.49,14.12,"8,010.77",0.00,0.00,"1,644.92","6,137.30",0.00,0.00,0.00,242.67,382.29,"7,852.06"
Jonathan Jenkin,Green Party,Basingstoke,3.91,175.00,"82,898","13,489.44",1.3,175.00,0.00,0.00,0.00,0.00,175.00,0.00,0.00,0.00,0.00,0.00,0.00
Helen Tamblyn-Saville,Liberal Democrats,Bassetlaw,6.55,"2,728.79","78,264","15,743.76",17.33,"2,728.79",0.00,0.00,0.00,826.33,"1,885.46",0.00,17.00,0.00,0.00,0.00,"2,730.00"
Keir Morrison,Labour Party,Bassetlaw,27.66,"11,414.17","78,264","15,743.76",72.5,0.00,"11,414.17",0.00,0.00,"3,474.27","6,306.44",0.00,203.75,0.00,"1,429.71",0.00,"11,414.17"
Brendan Clarke-Smith,Conservative and Unionist Party,Bassetlaw,55.23,"11,605.47","78,264","15,743.76",73.71,0.00,"11,605.47",0.00,0.00,"2,469.46","7,682.11",15.95,0.00,288.96,"1,148.99",85.00,"11,605.47"
Debbie Soloman,Brexit Party,Bassetlaw,10.55,"11,039.49","78,264","15,743.76",70.12,"10,904.49",135.00,0.00,0.00,"1,427.49","9,107.00",0.00,405.00,0.00,100.00,659.84,"10,058.00"
Wera Hobhouse,Liberal Democrats,Bath,54.51,"7,413.06","61,762","12,405.72",59.76,"6,757.96",655.10,0.00,0.00,709.96,"4,930.03",0.00,0.00,"1,205.94",567.13,0.00,"29,500.00"
Mike Davies,Independent and Other,Leeds West,0.08,680.15,"64,471","12,568.26",5.41,680.15,0.00,0.00,0.00,0.00,664.07,16.08,0.00,0.00,0.00,0.00,680.15
Jimi Ogunnusi,Brexit Party,Bath,1.23,"2,747.28","61,762","12,405.72",22.15,"2,747.28",0.00,0.00,0.00,297.28,"2,450.00",0.00,0.00,0.00,0.00,0.00,0.00
John Lawson,Liberal Democrats,Batley and Spen,4.65,"3,261.00","79,558","13,473.48",24.2,"3,261.00",0.00,0.00,0.00,9.00,"3,252.00",0.00,0.00,0.00,0.00,0.00,0.00
Tracy Brabin,Labour Party,Batley and Spen,42.69,"11,411.82","79,558","13,473.48",84.7,0.00,"11,411.82",0.00,0.00,"2,190.15","7,833.04",0.00,0.00,390.00,998.63,0.00,0.00
Mark Brooks,Conservative and Unionist Party,Batley and Spen,36.03,"3,317.93","79,558","13,473.48",24.63,0.00,"3,317.93",0.00,0.00,"1,235.43","1,825.00",0.00,0.00,212.34,45.16,0.00,"3,317.93"
Paul Halloran,Independent and Other,Batley and Spen,12.15,"6,997.85","79,558","13,473.48",51.94,"6,597.85",400.00,0.00,0.00,741.85,"5,856.00",0.00,0.00,0.00,0.00,430.15,0.00
Ty Akram,Green Party,Batley and Spen,1.31,0.00,"79,558","13,473.48",0,0.00,0.00,0.00,0.00,0.00,0.00,0.00,0.00,0.00,0.00,0.00,0.00
Kim Caddy,Conservative and Unionist Party,Battersea,36.05,"11,871.76","71,698","13,001.88",91.31,0.00,"11,871.76",0.00,0.00,"2,141.60","7,029.80",0.00,0.00,"2,005.44",694.92,0.00,"11,871.76"
Kim Caddy,Conservative and Unionist Party,Battersea,36.05,"11,871.76","71,698","13,001.88",91.31,0.00,"11,871.76",0.00,0.00,"2,141.60","7,029.80",0.00,0.00,"2,005.44",694.92,0.00,"11,871.76"
Lois Davis,Green Party,Battersea,2.55,84.00,"71,678","13,001.88",0.65,84.00,0.00,0.00,0.00,0.00,84.00,0.00,0.00,0.00,0.00,0.00,0.00
Mark Gitsham,Liberal Democrats,Battersea,15.26,"9,266.00","71,698","13,001.88",71.27,"8,873.56",392.44,0.00,0.00,409.20,"5,265.24",0.00,0.00,678.99,"2,912.57",0.00,"16,712.96"
Jake Thomas,Brexit Party,Battersea,0.64,"7,431.34","71,678","13,001.88",57.16,247.14,"7,184.20",0.00,0.00,566.20,"6,843.94",0.00,0.00,0.00,21.20,0.00,"7,184.20"
Dominic Grieve,Independent and Other,Beaconsfield,28.97,"15,465.29","76,340","15,570.60",99.32,"14,834.57",630.72,0.00,0.00,437.79,"8,959.38",87.73,455.34,"3,325.63","2,199.42",651.00,"28,745.72"
Joy Morrissey,Conservative and Unionist Party,Beaconsfield,56.12,"13,979.91","79,019","15,570.60",89.78,"10,159.91","3,820.00",0.00,0.00,843.71,"7,389.76",216.30,454.46,"3,930.00","1,145.68",195.00,"10,159.91"
Alexa Collins,Labour Party,Beaconsfield,9.95,"1,858.94","76,340","15,570.60",11.94,"1,858.94",0.00,0.00,0.00,145.95,"1,632.99",0.00,80.00,0.00,0.00,22.50,120.00
Zoe Hatch,Green Party,Beaconsfield,3.51,806.28,"77,720","15,694.80",5.14,806.28,0.00,0.00,0.00,0.00,806.28,0.00,0.00,0.00,0.00,0.00,0.00
Adam Cleary,Independent and Other,Beaconsfield,1.45,"7,723.53","77,720","15,570.60",49.6,"7,723.53",0.00,0.00,0.00,"5,286.37",35.97,727.92,6.60,"1,666.67",0.00,88.07,0.00
Bob Stewart,Conservative and Unionist Party,Beckenham,53.96,"6,399.54","67,223","12,733.38",50.26,"4,710.10","1,689.44",0.00,0.00,108.00,"4,497.10",0.00,0.00,"1,459.44",335.00,75.00,"6,399.54"
Ruth Fabricant,Green Party,Beckenham,4.06,318.65,NaN,"12,820.26",2.49,318.65,0.00,0.00,0.00,0.00,318.65,0.00,0.00,0.00,0.00,0.00,166.66
Chloe-Jane Ross,Liberal Democrats,Beckenham,16.21,"4,569.92","67,610","12,756.60",35.82,"4,569.92",0.00,0.00,0.00,462.92,"4,096.01",0.00,0.00,0.00,10.99,45.00,"5,000.00"
Henry Vann,Liberal Democrats,Bedford,9.74,"9,319.66","71,581","12,994.86",71.72,"5,609.17","3,710.49",0.00,0.00,269.91,"8,676.56",0.00,0.00,0.00,373.19,0.00,"9,319.66"
Mohammad Yasin,Labour Party,Bedford,43.32,"11,718.72","71,581","12,994.86",90.18,0.00,"11,718.72",0.00,0.00,723.05,"6,026.00",355.00,0.00,"1,885.44","2,729.23",0.00,"11,718.72"
Adrian Spurrell,Green Party,Bedford,2.03,75.00,"71,581","12,994.86",0.58,75.00,0.00,0.00,0.00,0.00,75.00,0.00,0.00,0.00,0.00,0.00,0.00
Ryan Henson,Conservative and Unionist Party,Bedford,43.01,"12,021.17",NaN,NaN,NaN,"5,104.91","6,916.26",0.00,0.00,"1,162.52","7,630.39",200.00,21.91,"2,521.19",485.16,0.00,"12,400.00"
Charles Bunker,Brexit Party,Bedford,1.89,"3,933.87","71,681","12,994.86",30.27,"3,293.07",0.00,0.00,640.80,"1,446.37","2,450.00",0.00,0.00,0.00,37.50,457.98,"3,896.37"
Naomi Long,Independent and Other,Belfast East,44.89,"6,531.25","66,245","12,572.82",51.95,0.00,"6,531.25",0.00,0.00,"2,849.74","3,562.91",0.00,0.00,0.00,118.60,0.00,"6,531.25"
Gavin Robinson,Democratic Unionist Party,Belfast East,49.18,"11,629.21","64,547","12,572.82",92.49,"11,579.21",50.00,0.00,0.00,"1,032.00","10,547.21",50.00,0.00,0.00,0.00,0.00,"11,579.21"
Carl McClean,Independent and Other,Belfast East,5.93,"1,761.50","64,547","12,572.82",14.01,"1,761.50",0.00,0.00,0.00,402.50,"1,359.00",0.00,0.00,0.00,0.00,0.00,0.00
Nigel Dodds,Democratic Unionist Party,Belfast North,43.1,"12,300.20","69,470","12,868.20",95.59,"12,050.20",250.00,0.00,0.00,"2,414.56","9,885.64",0.00,0.00,0.00,0.00,0.00,"5,405.25"
Nuala McAllister,Independent and Other,Belfast North,9.84,"2,144.54","72,225","12,868.20",16.67,0.00,"2,144.54",0.00,0.00,304.06,"1,790.48",0.00,0.00,0.00,50.00,0.00,"2,144.54"
John Finucane,Sinn Fein,Belfast North,47.06,"12,185.95","69,470","12,868.20",94.7,0.00,"12,185.95",0.00,0.00,"8,255.95","3,930.00",0.00,0.00,0.00,0.00,0.00,"12,185.95"
Claire Hanna,Independent and Other,Belfast South,57.19,"12,005.67","67,214","12,732.84",94.29,"12,005.67",0.00,0.00,0.00,"5,415.97","3,325.00",0.00,464.70,"2,800.00",0.00,0.00,"12,005.67"
Michael Henderson,Independent and Other,Belfast South,2.66,"2,845.00","67,214","12,732.84",22.34,"2,845.00",0.00,0.00,0.00,"1,225.00","1,620.00",0.00,0.00,0.00,0.00,0.00,"2,000.00"
Chris McHugh,Independent and Other,Belfast South,1.16,"5,034.22","67,214","12,732.84",39.54,"5,034.22",0.00,0.00,0.00,"1,973.73","2,971.00",89.49,0.00,0.00,0.00,0.00,"5,034.22"
Paul Maskey,Sinn Fein,Belfast West,53.8,"7,044.28","64,292","12,557.52",56.1,0.00,"7,044.28",0.00,0.00,"3,194.28","3,850.00",0.00,0.00,0.00,0.00,0.00,"7,044.28"
Frank McCoubrey,Democratic Unionist Party,Belfast West,13.46,706.00,"64,292","12,757.52",5.53,456.00,250.00,0.00,0.00,250.00,456.00,0.00,0.00,0.00,0.00,0.00,250.00
Gerry Carroll,Independent and Other,Belfast West,15.97,"7,598.04","64,292","12,557.52",60.51,"7,598.04",0.00,0.00,0.00,"5,342.84","2,255.20",0.00,0.00,0.00,0.00,0.00,"7,365.80"
Monica Digney,Independent and Other,Belfast West,4.22,"3,717.40","64,292","12,557.52",29.6,"3,717.40",0.00,0.00,0.00,"1,937.91","1,690.00",89.49,0.00,0.00,0.00,0.00,"3,717.40"
Donnamarie Higgins,Independent and Other,Belfast West,4.85,945.19,"65,644","12,557.52",7.53,0.00,945.19,0.00,0.00,10.06,885.13,0.00,0.00,0.00,50.00,0.00,945.19
Paul Doherty,Independent and Other,Belfast West,7.7,"1,677.80","64,492","14,504.28",11.57,"1,677.80",0.00,0.00,0.00,621.00,874.80,182.00,0.00,0.00,0.00,0.00,"1,677.80"
Neil Coyle,Labour Party,Bermondsey and Old Southwark,54.12,"11,349.97","92,734","14,264.04",79.57,0.00,"11,349.97",0.00,0.00,583.00,"6,983.97",0.00,0.00,"2,400.00","1,383.00",0.00,"11,349.97"
Humaira Ali,Liberal Democrats,Bermondsey and Old Southwark,26.61,"13,533.18","93,248","14,294.88",94.67,"13,533.18",0.00,0.00,0.00,60.00,"9,475.25",0.00,0.00,"2,131.61","1,866.32",0.00,"17,886.14"
Humaira Ali,Liberal Democrats,Bermondsey and Old Southwark,26.61,"13,533.18","93,248","14,294.88",94.67,"13,533.18",0.00,0.00,0.00,60.00,"9,475.25",0.00,0.00,"2,131.61","1,866.32",0.00,"17,886.14"
Anne-Marie Trevelyan,Conservative and Unionist Party,Berwick-Upon-Tweed,56.87,"12,116.70","58,867","13,998.03",86.56,"7,750.82","4,365.88",0.00,0.00,454.34,"4,511.18",0.00,5.22,"1,233.95","5,912.01",70.00,"19,790.49"
Thomas Stewart,Green Party,Berwick-Upon-Tweed,3.31,738.00,"59,939","14,094.51",5.24,738.00,0.00,0.00,0.00,0.00,678.00,0.00,60.00,0.00,0.00,0.00,441.00
Trish Williams,Labour Party,Berwick-Upon-Tweed,21.64,"5,660.28","59,823","14,084.07",40.19,0.00,"5,660.28",0.00,0.00,"1,555.98","3,307.60",0.00,439.44,0.00,357.26,0.00,"5,660.28"
John Lamont,Conservative and Unionist Party,"Berwickshire, Roxburgh and Selkirk",48.45,"14,141.49","74,518","15,406.62",91.79,0.00,"14,141.49",0.00,0.00,"2,668.74","8,365.17",0.00,0.00,908.66,"2,198.92",210.00,"14,141.49"
Ian Davidson,Labour Party,"Berwickshire, Roxburgh and Selkirk",4.73,"1,788.44","74,518","15,406.62",11.61,83.44,"1,705.00",0.00,0.00,0.00,"1,705.00",83.44,0.00,0.00,0.00,532.63,"1,705.00"
Calum Kerr,Scottish National Party,"Berwickshire, Roxburgh and Selkirk",38.76,"13,824.32","74,518","15,406.62",89.73,"13,842.32",0.00,0.00,0.00,"3,247.99","8,948.00",0.00,77.00,0.00,"1,551.33",300.00,"13,170.00"
Jenny Marr,Liberal Democrats,"Berwickshire, Roxburgh and Selkirk",8.07,"3,881.53","74,518","15,406.62",25.19,"3,881.53",0.00,0.00,0.00,810.99,"2,599.54",0.00,0.00,0.00,471.00,0.00,"6,725.18"
Rushanara Ali,Labour Party,Bethnal Green and Bow,72.74,"8,627.89","80,269","13,516.14",63.83,0.00,"8,627.89",0.00,0.00,416.07,"6,671.04",558.17,0.00,0.00,982.61,0.00,"8,627.85"
Vanessa Hudson,Independent and Other,Bethnal Green and Bow,0.72,"1,093.28","88,262","13,995.72",7.81,0.00,"1,093.28",0.00,0.00,0.00,"1,093.28",0.00,0.00,0.00,0.00,7.86,"1,093.28"
Nicholas Stovold,Conservative and Unionist Party,Bethnal Green and Bow,10.78,"2,039.66","80,269","13,516.14",15.09,"1,957.10",82.56,0.00,0.00,30.00,"1,836.90",0.00,0.00,82.56,90.20,0.00,"2,039.66"
Josh Babarinde,Liberal Democrats,Bethnal Green and Bow,9.73,"2,777.60","80,269","13,516.14",20.55,"2,777.60",0.00,0.00,0.00,19.00,"2,708.60",0.00,50.00,0.00,0.00,136.05,"2,777.60"
David Axe,Brexit Party,Bethnal Green and Bow,1.78,"3,855.49","80,269","13,516.14",28.53,"2,715.49",0.00,"1,140.00",0.00,"1,246.50","2,608.99",0.00,0.00,0.00,0.00,30.60,0.00
Denis Healy,Liberal Democrats,Beverley and Holderness,8.72,"2,478.33","78,847","15,796.23",15.69,"2,478.33",0.00,0.00,0.00,150.47,"2,328.33",0.00,0.00,0.00,0.00,0.00,0.00
Graham Stuart,Conservative and Unionist Party,Beverley and Holderness,62.1,"10,852.19","78,847","15,796.23",68.7,"7,734.95","3,117.24",0.00,0.00,"1,440.85","5,531.39","1,752.22",500.00,780.38,847.35,0.00,"29,464.00"
Isabel Pires,Green Party,Beverley and Holderness,2.57,0.00,NaN,NaN,NaN,0.00,0.00,0.00,0.00,0.00,0.00,0.00,0.00,0.00,0.00,0.00,0.00
Andy Shead,Independent and Other,Beverley and Holderness,2.69,583.92,"78,847","15,796.23",3.7,583.92,0.00,0.00,0.00,53.10,530.82,0.00,0.00,0.00,0.00,0.00,110.00
Chloe Hopkins,Labour Party,Beverley and Holderness,23.91,"4,506.72","79,291","15,749.00",28.62,"4,406.72",100.00,0.00,0.00,76.00,"4,343.00",0.00,0.00,163.72,0.00,0.00,0.00
Huw Merriman,Conservative and Unionist Party,Bexhill and Battle,63.61,"7,977.78","80,680","15,961.20",49.98,"5,858.75","2,119.03",0.00,0.00,"1,459.75","4,616.75",0.00,0.00,"1,185.14",716.14,0.00,"7,977.78"
Jonathan Kent,Green Party,Bexhill and Battle,4.56,"1,343.00","80,680","15,961.20",8.41,"1,343.00",0.00,0.00,0.00,0.00,"1,343.00",0.00,0.00,0.00,0.00,NaN,549.08
Christine Bayliss,Labour Party,Bexhill and Battle,19.51,"2,521.90","80,680","15,961.20",15.8,"2,521.90",0.00,0.00,0.00,"2,121.90",0.00,0.00,0.00,400.00,0.00,0.00,837.33
Martin Saunders,Liberal Democrats,Bexhill and Battle,12.32,"3,725.35","80,680","15,961.20",23.34,"3,674.35",51.00,0.00,0.00,689.15,"2,900.00",0.00,0.00,136.20,0.00,0.00,"5,700.00"
David Evennett,Conservative and Unionist Party,Bexleyheath and Crayford,59.79,"6,822.88","64,754","12,585.24",54.21,"4,340.40","2,482.48",0.00,0.00,3.50,"4,353.90",0.00,0.00,"1,609.48",856.00,0.00,0.00
Anna Day,Labour Party,Bexleyheath and Crayford,29.49,"3,167.32","64,754","12,585.00",25.17,"3,167.32",0.00,0.00,0.00,763.15,"1,904.17",0.00,0.00,0.00,500.00,0.00,0.00
David McBride,Liberal Democrats,Bexleyheath and Crayford,6.52,389.66,"64,754","12,624.12",3.09,389.66,0.00,0.00,0.00,0.00,389.66,0.00,0.00,0.00,0.00,0.00,0.00
Frank Field,Independent and Other,Birkenhead,17.21,"9,853.75","63,136","12,488.16",78.9,"9,853.75",0.00,0.00,0.00,0.00,"8,961.20",129.25,0.00,500.00,263.30,"9,853.75",0.00
Stuart Kelly,Liberal Democrats,Birkenhead,3.83,"1,124.77","63,762","12,526.00",8.98,"1,124.77",0.00,0.00,0.00,0.00,"1,099.77",0.00,25.00,0.00,0.00,0.00,"1,124.77"
Pat Cleary,Green Party,Birkenhead,3.32,"1,585.00","63,136","12,488.16",12.69,0.00,"1,585.00",0.00,0.00,0.00,"1,585.00",0.00,0.00,0.00,0.00,0.00,"1,585.00"
Claire Rowles,Conservative and Unionist Party,Birkenhead,13.09,328.46,"63,136","12,488.16",2.63,0.00,328.46,0.00,0.00,0.00,0.00,0.00,0.00,328.46,0.00,0.00,328.46
Mick Whitley,Labour Party,Birkenhead,59.04,"7,599.03","63,136","12,488.16",60.85,20.00,"7,579.03",0.00,0.00,827.67,"3,876.68",0.00,0.00,"1,572.56","1,322.12",0.00,"7,579.03"
Phil Simpson,Green Party,"Birmingham, Edgbaston",2.63,0.00,"63,655","12,519.30",0,0.00,0.00,0.00,0.00,0.00,0.00,0.00,0.00,0.00,0.00,0.00,0.00
Colin Green,Liberal Democrats,"Birmingham, Edgbaston",7.91,"8,867.48","63,655","12,519.30",70.83,"8,867.48",0.00,0.00,0.00,32.25,"8,835.23",0.00,0.00,0.00,0.00,15.00,"9,686.52"
Alex Yip,Conservative and Unionist Party,"Birmingham, Edgbaston",36.86,"9,477.35","63,655","12,519.30",75.7,0.00,"9,477.35",0.00,0.00,575.91,"7,216.54",0.00,0.00,932.65,752.25,0.00,"9,477.35"
David Wilks,Brexit Party,"Birmingham, Edgbaston",2.47,NaN,NaN,NaN,NaN,NaN,NaN,NaN,NaN,NaN,NaN,NaN,NaN,NaN,NaN,NaN,NaN
Ann Holtom,Liberal Democrats,"Birmingham, Erdington",3.69,612.40,"64,575","12,574.50",4.87,612.40,0.00,0.00,0.00,0.00,612.40,0.00,0.00,0.00,0.00,0.00,0.00
Jack Dromey,Labour Party,"Birmingham, Erdington",50.3,"12,355.65","64,575","12,574.50",98.26,0.00,"12,355.65",0.00,0.00,503.35,"9,096.42",0.00,0.00,"1,500.00","1,255.88",0.00,"12,355.65"
Wendy Garcarz,Brexit Party,"Birmingham, Erdington",4.09,"7,586.60","66,000","12,660.00",59.93,0.00,"7,586.60",0.00,0.00,"2,160.60","5,030.00",0.00,396.00,0.00,0.00,360.00,"7,586.60"
Roger Godsiff,Independent and Other,"Birmingham, Hall Green",8.08,"4,332.95","78,017","13,381.02",32.38,"4,132.95",200.00,0.00,0.00,170.00,"4,137.95",25.00,0.00,0.00,0.00,0.00,0.00
Patrick Cox,Green Party,"Birmingham, Hall Green",1.55,0.00,"78,017","13,381.02",0,0.00,0.00,0.00,0.00,0.00,0.00,0.00,0.00,0.00,0.00,0.00,0.00
Tahir Ali,Labour Party,"Birmingham, Hall Green",67.83,"12,756.19","78,017","13,381.02",95.33,0.00,"12,756.19",0.00,0.00,"2,001.00","7,077.84",0.00,537.85,"1,250.80","1,888.70",0.00,"12,756.19"
Izzy Knowles,Liberal Democrats,"Birmingham, Hall Green",6.94,"4,654.33","78,017","13,381.02",34.78,"4,654.33",0.00,0.00,0.00,825.04,"2,846.07",13.50,0.00,542.00,427.72,0.00,"4,772.00"
Rosie Cuckston,Brexit Party,"Birmingham, Hall Green",1.66,"4,905.60","78,017","13,381.02",36.66,"4,905.60",0.00,0.00,0.00,"2,455.60","2,450.00",0.00,0.00,0.00,0.00,46.13,0.00
Liam Byrne,Labour Party,"Birmingham, Hodge Hill",78.65,"5,352.02","76,768","13,306.08",40.22,"5,325.52",26.50,0.00,0.00,62.52,"4,965.07",0.00,0.00,0.00,324.43,0.00,"5,456.50"
Akaal Sidhu,Conservative and Unionist Party,"Birmingham, Hodge Hill",14.98,"2,036.12","76,768","13,306.08",15.3,0.00,"2,036.12",0.00,0.00,0.00,"1,410.00",0.00,0.00,484.65,141.47,0.00,"2,036.12"
Jill Dagnan,Brexit Party,"Birmingham, Hodge Hill",3.38,"8,911.50","76,768","13,306.08",66.97,0.00,"8,911.50",560.00,0.00,"2,161.50","4,580.00",550.00,0.00,0.00,"1,620.00","1,100.00",0.00
Hilda Johani,Independent and Other,"Birmingham, Hodge Hill",0.57,144.00,NaN,NaN,NaN,114.00,30.00,0.00,0.00,0.00,114.00,30.00,0.00,0.00,0.00,0.00,114.00
Waheed Rafiq,Liberal Democrats,"Birmingham, Hodge Hill",1.69,0.00,"76,768","13,306.08",0,0.00,0.00,0.00,0.00,0.00,0.00,0.00,0.00,0.00,0.00,0.00,0.00
Shabana Mahmood,Labour Party,"Birmingham, Ladywood",79.19,"4,969.01","68,581","12,814.86",38.78,"3,265.51","1,703.50",0.00,0.00,105.50,"4,224.50",8.00,0.00,250.00,381.01,0.00,"6,283.00"
Lee Dargue,Liberal Democrats,"Birmingham, Ladywood",5.29,915.55,"74,912","13,194.72",6.94,915.55,0.00,0.00,0.00,339.15,612.40,0.00,0.00,0.00,0.00,0.00,"1,432.40"
Andrew Garcarz,Brexit Party,"Birmingham, Ladywood",1.97,"5,475.60","68,581","12,814.00",42.73,0.00,"5,475.60",0.00,0.00,"3,025.60","2,450.00",0.00,0.00,0.00,0.00,0.00,"5,475.00"
Mary Noone,Conservative and Unionist Party,"Birmingham, Ladywood",11.33,"2,116.12","68,581","12,814.86",16.51,0.00,"2,116.12",0.00,0.00,0.00,"1,490.00",0.00,0.00,484.65,141.47,0.00,"2,116.12"
Richard Burden,Labour Party,"Birmingham, Northfield",42.5,"12,011.90","71,972","13,016.52",92.28,0.00,"12,011.90",0.00,0.00,474.40,"7,707.85",436.60,0.00,"2,574.00",819.05,0.00,"12,011.90"
Keith Rowe,Brexit Party,"Birmingham, Northfield",3.84,"5,679.60","71,942","13,016.52",43.63,0.00,"5,679.60",0.00,0.00,"2,185.60","3,494.00",0.00,0.00,0.00,0.00,0.00,"5,679.60"
Gary Sambrook,Conservative and Unionist Party,"Birmingham, Northfield",46.31,"11,555.82","71,942","13,016.52",88.78,0.00,"11,555.82",0.00,0.00,"1,092.03","6,579.15",0.00,0.00,"2,240.14","1,644.50",0.00,"11,555.82"
Eleanor Masters,Green Party,"Birmingham, Northfield",2.21,0.00,"71,942","13,016.52",0,0.00,0.00,0.00,0.00,0.00,0.00,0.00,0.00,0.00,0.00,0.00,0.00
Jamie Scott,Liberal Democrats,"Birmingham, Northfield",4.55,0.00,"73,694","13,121.64",0,0.00,0.00,0.00,0.00,0.00,0.00,0.00,0.00,0.00,0.00,0.00,0.00
Khalid Mahmood,Labour Party,"Birmingham, Perry Barr",63.1,"7,056.00","70,059","12,903.54",54.68,0.00,"7,056.00",0.00,0.00,560.00,"3,586.00",0.00,0.00,"2,160.00",750.00,0.00,"7,056.00"
Kefentse Dennis,Green Party,"Birmingham, Perry Barr",2,0.00,"70,059","12,903.54",0,0.00,0.00,0.00,0.00,0.00,0.00,0.00,0.00,0.00,0.00,0.00,0.00
Thomas Braich,Independent and Other,"Birmingham, Perry Barr",0.35,0.00,"70,059","12,903.54",0,0.00,0.00,0.00,0.00,0.00,0.00,0.00,0.00,0.00,0.00,0.00,0.00
Raaj Shamji,Conservative and Unionist Party,"Birmingham, Perry Barr",26.76,"1,495.00","72,006","8,700.00",17.18,"1,495.00",0.00,0.00,0.00,40.00,"1,455.00",0.00,0.00,0.00,0.00,0.00,605.64
Hannah Campbell,Conservative and Unionist Party,"Birmingham, Selly Oak",30.93,"3,847.29","75,144","13,208.64",29.13,0.00,"3,847.29",0.00,0.00,123.12,"2,119.27",0.00,0.00,777.15,827.75,0.00,"3,847.29"
Joe Peacock,Green Party,"Birmingham, Selly Oak",3.74,311.91,"75,144","13,208.64",2.36,311.91,0.00,0.00,0.00,0.00,311.91,0.00,0.00,0.00,0.00,0.00,311.91
Joseph Tawonezvi,Brexit Party,"Birmingham, Selly Oak",2.9,"4,605.60",1,"13,208.64",34.87,"4,605.60",0.00,0.00,0.00,"4,605.60",0.00,0.00,0.00,0.00,0.00,200.00,0.00
Roger Harmer,Liberal Democrats,"Birmingham, Yardley",8.8,"5,017.17","72,942","13,076.52",38.37,"3,667.17","1,350.00",0.00,0.00,175.00,"3,642.17",0.00,0.00,"1,000.00",200.00,0.00,"6,825.00"
Jess Phillips,Labour Party,"Birmingham, Yardley",54.78,"9,459.76","72,942","13,076.52",72.34,"9,319.22",140.54,0.00,0.00,770.68,"6,475.68",0.00,0.00,0.00,"2,213.40",0.00,"31,409.80"
Christopher Garghan,Green Party,"Birmingham, Yardley",1.36,0.00,"72,942","13,076.52",0,0.00,0.00,0.00,0.00,0.00,0.00,0.00,0.00,0.00,0.00,0.00,0.00
Jess Phillips,Labour Party,"Birmingham, Yardley",54.78,"9,459.76","72,942","13,076.52",72.34,"9,319.22",140.54,0.00,0.00,770.68,"6,475.68",0.00,0.00,0.00,"2,213.40",0.00,"31,409.80"
Helen Goodman,Labour Party,Bishop Auckland,35.94,"13,888.29","66,755","14,707.95",94.43,0.00,"13,888.29",0.00,0.00,"3,390.85","7,199.71",0.00,119.93,"1,892.87","1,284.93",238.81,"13,888.29"
Dehenna Davison,Conservative and Unionist Party,Bishop Auckland,53.71,"13,917.28","66,755","14,707.95",94.62,"6,511.51","7,405.77",0.00,0.00,"1,376.21","8,783.50",316.85,223.95,"2,347.16",869.61,0.00,"24,249.00"
Ray Georgeson,Liberal Democrats,Bishop Auckland,4.76,445.00,"66,755","14,707.95",3.03,445.00,0.00,0.00,0.00,0.00,445.00,0.00,0.00,0.00,0.00,0.00,445.00
Kate Hollern,Labour Party,Blackburn,64.91,"6,289.67","71,234","12,979.44",48.46,"5,522.42",767.25,0.00,0.00,"1,199.98","3,906.00",0.00,0.00,416.44,0.00,0.00,"1,150.00"
Reza Hossain,Green Party,Blackburn,1.66,"1,615.00","71,229","12,923.74",12.5,"1,615.00",0.00,0.00,0.00,0.00,"1,615.00",0.00,0.00,0.00,0.00,0.00,925.00
Beth Waller-Slack,Liberal Democrats,Blackburn,2.53,0.00,"71,234","12,974.00",0,0.00,0.00,0.00,0.00,0.00,0.00,0.00,0.00,0.00,0.00,0.00,0.00
Claire Gill,Conservative and Unionist Party,Blackburn,24,"2,884.76","71,234","12,974.04",22.23,"2,636.45",248.31,0.00,0.00,987.17,935.29,0.00,0.00,350.00,612.30,0.00,"2,222.16"
Rick Moore,Brexit Party,Blackburn,6.19,"3,257.05","71,229","12,973.00",25.11,"3,257.05",0.00,0.00,0.00,363.05,"2,894.00",0.00,0.00,0.00,0.00,0.00,0.00
Graham Stringer,Labour Party,Blackley and Broughton,61.85,"6,530.82","70,491","12,929.46",50.51,0.00,"6,530.82",0.00,0.00,0.00,"4,839.00",0.00,0.00,0.00,"1,691.82",0.00,"6,530.82"
David Jones,Green Party,Blackley and Broughton,50.75,"9,066.79","57,714","13,894.78",65.25,"7,012.67","2,054.12",0.00,0.00,465.39,"4,992.62","2,107.28",0.00,"1,231.50",270.00,0.00,"9,066.79"
Iain Donaldson,Liberal Democrats,Blackley and Broughton,4.12,0.00,"70,491","12,930.00",0,0.00,0.00,0.00,0.00,0.00,0.00,0.00,0.00,0.00,0.00,0.00,0.00
James Buckley,Brexit Party,Blackley and Broughton,7.08,NaN,NaN,NaN,NaN,NaN,NaN,NaN,NaN,NaN,NaN,NaN,NaN,NaN,NaN,NaN,NaN
David Jones,Green Party,Blackley and Broughton,50.75,"9,066.79","57,714","13,894.78",65.25,"7,012.67","2,054.12",0.00,0.00,465.39,"4,992.62","2,107.28",0.00,"1,231.50",270.00,0.00,"9,066.79"
Paul Maynard,Conservative and Unionist Party,Blackpool North and Cleveleys,57.63,"11,107.86","62,636","12,458.16",89.16,"6,390.37","4,717.49",0.00,0.00,"2,104.14","7,810.64",0.00,18.99,150.00,"1,024.09",0.00,"11,112.78"
Sue Close,Liberal Democrats,Blackpool North and Cleveleys,3.85,25.00,"62,363","12,458.16",0.2,0.00,25.00,0.00,0.00,0.00,0.00,0.00,0.00,0.00,0.00,0.00,0.00
Chris Webb,Labour Party,Blackpool North and Cleveleys,35.48,"11,814.20","62,636","12,458.16",94.83,0.00,"11,814.20",0.00,0.00,"2,949.57","6,546.37",0.00,0.00,"1,525.68",792.58,0.00,"11,814.20"
Neil Holden,Independent and Other,Blackpool North and Cleveleys,1.14,870.00,"62,636","12,088.50",7.2,870.00,0.00,0.00,0.00,870.00,0.00,0.00,0.00,0.00,0.00,0.00,0.00
Gordon Marsden,Labour Party,Blackpool South,38.34,"11,137.85","56,475","12,088.50",92.14,0.00,"11,137.85",0.00,0.00,"1,276.34","7,428.51",272.50,0.00,842.38,"1,318.12",0.00,"11,137.85"
Bill Greene,Liberal Democrats,Blackpool South,3.08,24.00,"56,475","12,088.50",0.2,0.00,24.00,0.00,0.00,24.00,0.00,0.00,0.00,0.00,0.00,0.00,0.00
Scott Benton,Conservative and Unionist Party,Blackpool South,49.61,"11,536.92","56,475","12,088.50",95.44,0.00,"11,536.92",0.00,0.00,"1,867.30","7,032.36",238.07,78.14,"1,640.62",680.43,0.00,"11,536.92"
Rebecca Daniels,Green Party,Blackpool South,1.72,30.00,"56,475","13,782.75",0.22,0.00,30.00,0.00,0.00,30.00,0.00,0.00,0.00,0.00,0.00,0.00,0.00
David Brown,Brexit Party,Blackpool South,6.13,"5,690.70","56,475","12,088.50",47.08,"5,690.70",0.00,0.00,0.00,"5,335.70",0.00,35.00,20.00,0.00,300.00,0.00,0.00
Nick Smith,Labour Party,Blaenau Gwent,49.18,"7,186.62","49,568","13,161.12",54.6,200.00,"6,986.62",0.00,0.00,"1,227.97","4,719.16",0.00,5.00,0.00,"1,234.49",0.00,"7,186.62"
Richard Taylor,Brexit Party,Blaenau Gwent,20.57,"8,875.49","50,437","13,239.33",67.04,"8,875.49",0.00,0.00,0.00,500.00,"7,875.49",0.00,0.00,500.00,0.00,180.82,0.00
David Brown,Brexit Party,Blackpool South,6.13,"5,690.70","56,475","12,088.50",47.08,"5,690.70",0.00,0.00,0.00,"5,335.70",0.00,35.00,20.00,0.00,300.00,0.00,0.00
Stephen Priestnall,Green Party,Blaenau Gwent,1.28,126.00,"53,791","13,541.19",0.93,126.00,0.00,0.00,0.00,126.00,0.00,0.00,0.00,0.00,0.00,0.00,0.00
Laura Jones,Conservative and Unionist Party,Blaenau Gwent,19.02,0.00,"49,568","13,161.12",0,0.00,0.00,0.00,0.00,0.00,0.00,0.00,0.00,0.00,0.00,0.00,0.00
Kathy King,Independent and Other,Blaydon,1.35,"1,085.00",NaN,NaN,NaN,"1,085.00",0.00,0.00,0.00,0.00,0.00,0.00,0.00,0.00,0.00,207.00,"1,085.00"
Liz Twist,Labour Party,Blaydon,43.33,"9,264.67","67,853","12,771.18",72.54,0.00,"9,264.67",0.00,0.00,673.28,"7,736.19",0.00,0.00,0.00,852.20,0.00,"9,264.67"
Lisabela Marschild,Independent and Other,Blaydon,0.26,NaN,NaN,NaN,NaN,NaN,NaN,NaN,NaN,NaN,NaN,NaN,NaN,NaN,NaN,NaN,NaN
Diane Cadman,Green Party,Blaydon,2.8,154.80,"66,206","12,672.36",1.22,154.80,0.00,0.00,0.00,0.00,154.80,0.00,0.00,0.00,0.00,0.00,210.00
Adrian Pepper,Conservative and Unionist Party,Blaydon,31.22,"2,837.35","66,206","12,672.36",22.39,"2,124.22",713.31,0.00,0.00,615.00,0.00,0.00,0.00,98.13,0.00,0.00,"3,000.00"
Michael Robinson,Brexit Party,Blaydon,12.77,"3,335.20","66,206","12,672.36",26.32,"3,335.20",0.00,0.00,0.00,145.20,"3,190.00",0.00,0.00,0.00,0.00,264.52,0.00
Lee Garrett,Independent and Other,Blaydon,0.17,NaN,NaN,NaN,NaN,NaN,NaN,NaN,NaN,NaN,NaN,NaN,NaN,NaN,NaN,NaN,NaN
Dawn Furness,Green Party,Blyth Valley,2.8,38.57,"63,985","12,539.10",0.31,38.57,0.00,0.00,0.00,0.00,0.00,0.00,0.00,0.00,38.57,0.00,0.00
Ian Levy,Conservative and Unionist Party,Blyth Valley,42.68,"10,705.40","63,348","12,500.88",85.64,"9,296.15","1,409.25",0.00,0.00,721.39,"8,962.59",0.00,68.57,492.50,460.35,0.00,"10,705.40"
Susan Dungworth,Labour Party,Blyth Valley,40.94,"10,942.83","63,492","12,509.52",87.48,0.00,"10,942.83",0.00,0.00,916.21,"7,063.64",0.00,0.00,"2,277.68",685.20,0.00,"10,942.83"
Mark Peart,Brexit Party,Blyth Valley,8.31,"5,449.50",NaN,"8,700.00",62.64,"5,449.50",0.00,0.00,0.00,"3,244.00","2,205.50",0.00,0.00,0.00,0.00,506.03,0.00
Thom Chapman,Liberal Democrats,Blyth Valley,5.26,"1,657.00","63,348","12,500.88",13.26,"1,654.00",0.00,0.00,0.00,0.00,"1,657.00",0.00,0.00,0.00,0.00,4.50,"1,657.00"
Nick Gibb,Conservative and Unionist Party,Bognor Regis and Littlehampton,63.49,"7,427.29","75,316","14,477.54",51.3,"6,404.83","1,022.66",0.00,0.00,"2,111.27","4,626.56",0.00,0.00,115.26,574.40,0.00,"7,427.29"
Alan Butcher,Labour Party,Bognor Regis and Littlehampton,19.56,"2,409.96","77,446","15,670.14",15.38,"2,409.96",0.00,0.00,0.00,106.13,"2,126.63",0.00,0.00,0.00,177.20,0.00,"2,393.64"
Francis Oppler,Liberal Democrats,Bognor Regis and Littlehampton,11.02,"7,584.90","77,446","13,346.76",56.83,"7,342.52",242.38,0.00,0.00,0.00,"3,444.48",0.00,0.00,734.00,"3,406.42",0.00,"7,342.52"
David Kurten,UK Independence Party,Bognor Regis and Littlehampton,1.65,"1,328.36","77,446","13,346.76",9.95,370.36,958.00,0.00,0.00,26.62,"1,083.00",168.74,50.00,0.00,0.00,479.50,175.00
Carol Birch,Green Party,Bognor Regis and Littlehampton,3.56,539.00,"77,446","13,346.76",4.04,539.00,0.00,0.00,0.00,0.00,539.00,0.00,0.00,0.00,0.00,0.00,0.00
Andrew Elston,Independent and Other,Bognor Regis and Littlehampton,0.72,0.00,"77,446",NaN,NaN,0.00,0.00,0.00,0.00,0.00,0.00,0.00,0.00,0.00,0.00,153.58,NaN
Dennis Skinner,Labour Party,Bolsover,35.9,"11,435.48","73,577","15,321.93",74.63,0.00,"11,435.48",0.00,0.00,"1,206.50","8,032.99",20.00,0.00,"1,188.88",987.11,0.00,"11,435.48"
Mark Fletcher,Conservative and Unionist Party,Bolsover,47.44,"13,970.82","73,826","15,344.34",91.05,0.00,"13,970.82",0.00,0.00,"2,516.83","9,752.64",0.00,15.95,908.17,777.23,330.00,"13,970.82"
David Kesteven,Green Party,Bolsover,1.65,0.00,NaN,NaN,NaN,0.00,0.00,0.00,0.00,0.00,0.00,0.00,0.00,0.00,0.00,0.00,0.00
David Hancock,Liberal Democrats,Bolsover,3.83,23.75,"74,292","8,700.00",0.27,23.75,0.00,0.00,0.00,23.75,0.00,0.00,0.00,0.00,0.00,17.37,50.00
Kevin Harper,Brexit Party,Bolsover,9.04,"3,761.00",NaN,NaN,NaN,"3,761.00",0.00,0.00,0.00,192.00,"1,196.06",492.61,396.83,"1,200.00",283.60,"3,761.10",283.60
Natalie Hoy,Independent and Other,Bolsover,1.02,350.50,"74,292",NaN,NaN,350.50,0.00,0.00,0.00,0.00,350.50,0.00,0.00,0.00,0.00,350.50,330.00
Ross Walker,Independent and Other,Bolsover,1.13,992.00,"64,400",NaN,NaN,992.00,0.00,0.00,0.00,992.00,0.00,0.00,0.00,0.00,0.00,0.00,0.00
Yasmin Qureshi,Labour Party,Bolton South East,52.99,"11,016.44","69,163","12,849.78",85.73,"10,739.01",277.43,0.00,0.00,96.00,"10,438.44",0.00,0.00,0.00,482.00,0.00,"19,477.43"
Kevin Walsh,Liberal Democrats,Bolton South East,3.48,"1,461.08","68,938","12,836.28",11.38,"1,461.08",0.00,0.00,0.00,61.08,"1,400.00",0.00,0.00,0.00,0.00,0.00,"1,461.08"
Julie Hilling,Labour Party,Bolton West,37.32,"10,166.13",NaN,"13,000.00",78.2,"6,666.13","3,500.00",0.00,0.00,0.00,"7,517.95",0.00,0.00,"1,528.68","1,119.50",0.00,"10,166.13"
Chris Green,Conservative and Unionist Party,Bolton West,55.29,"12,442.57","73,191","15,287.19",81.39,250.00,"12,192.57",0.00,0.00,"1,961.08","7,064.67",142.89,245.23,"1,617.25","1,411.45",0.00,"12,442.57"
Paris Hayes,Green Party,Bolton West,1.9,58.59,NaN,NaN,NaN,56.59,2.00,0.00,0.00,2.00,56.59,0.00,0.00,0.00,0.00,0.00,0.00
Peter Dowd,Labour Party,Bootle,79.44,"9,355.18","73,375","13,102.50",71.4,"9,355.18",0.00,0.00,0.00,39.45,"5,311.83",41.69,"3,373.00",8.00,581.21,0.00,"9,320.03"
Mike Carter,Green Party,Bootle,2.37,84.00,"73,375","13,102.50",0.64,84.00,0.00,0.00,0.00,0.00,84.00,0.00,0.00,0.00,0.00,0.00,0.00
Rebecca Hanson,Liberal Democrats,Bootle,3.71,"2,555.98","73,375","13,102.50",19.51,"2,555.98",0.00,0.00,0.00,334.31,"2,221.67",0.00,0.00,0.00,0.00,0.00,"2,555.98"
Tarsilo Onuluk,Conservative and Unionist Party,Bootle,9.17,"2,795.17","73,375","13,102.50",21.33,"2,795.17",0.00,0.00,0.00,480.00,"1,450.00",394.97,0.00,183.46,286.74,681.71,0.00
Kim Knight,Brexit Party,Bootle,5.31,"2,205.50","70,824",NaN,NaN,0.00,"2,205.50",0.00,0.00,0.00,"2,205.50",0.00,0.00,0.00,0.00,0.00,0.00
Hilary Jones,Liberal Democrats,Boston and Skegness,4.71,934.71,"68,895",NaN,NaN,934.71,0.00,0.00,0.00,0.00,781.00,32.15,0.00,0.00,121.56,0.00,934.71
Matt Warman,Conservative and Unionist Party,Boston and Skegness,76.66,"6,262.04","68,895","14,900.55",42.03,"6,137.04",125.00,0.00,0.00,0.00,"6,262.04",0.00,0.00,0.00,0.00,0.00,"1,500.00"
Ben Cook,Labour Party,Boston and Skegness,15.21,894.93,"68,895","14,900.55",6.01,894.93,0.00,0.00,0.00,157.93,737.00,0.00,0.00,0.00,0.00,21.00,0.00
Hilary Jones,Liberal Democrats,Boston and Skegness,4.71,934.71,"68,895",NaN,NaN,934.71,0.00,0.00,0.00,0.00,781.00,32.15,0.00,0.00,121.56,0.00,934.71
Michael Mullaney,Liberal Democrats,Bosworth,16.12,"10,205.20","79,834",NaN,NaN,"10,205.20",0.00,0.00,0.00,0.00,"10,205.20",0.00,0.00,0.00,0.00,0.00,"10,205.20"
Luke Evans,Conservative and Unionist Party,Bosworth,63.89,"8,651.69","79,834","13,490.04",64.13,"8,378.99",272.70,0.00,0.00,"1,113.50","6,438.69",0.00,0.00,"1,022.70",76.80,0.00,"6,152.70"
Rick Middleton,Labour Party,Bosworth,17.33,"4,849.11","79,834","15,885.06",30.53,0.00,"4,849.11",0.00,0.00,"2,803.11","2,046.00",0.00,0.00,0.00,0.00,0.00,"4,849.11"
Mick Gregg,Green Party,Bosworth,2.66,0.00,"79,834",0.00,0,0.00,0.00,0.00,0.00,0.00,0.00,0.00,0.00,0.00,0.00,0.00,0.00
Tobias Ellwood,Conservative and Unionist Party,Bournemouth East,50.59,"8,270.40","72,015","13,020.90",63.52,"6,606.72","1,663.68",0.00,0.00,"2,000.00","4,356.72",0.00,430.00,968.68,515.00,250.00,"4,927.82"
Conor Burns,Conservative and Unionist Party,Bournemouth West,53.4,"11,070.59","70,430","12,925.80",85.65,"9,979.09","1,091.50",0.00,0.00,"2,501.02","7,361.07",100.00,100.00,360.35,648.15,0.00,"15,970.00"
Derek Florey,Green Party,Bracknell,3.84,66.20,"78,662","13,419.72",0.49,66.20,0.00,0.00,0.00,17.45,48.75,0.00,0.00,0.00,0.00,0.00,66.20
Paul Bidwell,Labour Party,Bracknell,22.2,"5,093.80","78,978","13,438.00",37.91,"5,053.80",40.00,0.00,0.00,53.80,"5,000.00",0.00,0.00,0.00,0.00,0.00,"3,550.00"
Olivio Barreto,Independent and Other,Bracknell,1.02,375.00,"78,978","20,000.00",1.88,175.00,200.00,0.00,0.00,175.00,200.00,0.00,0.00,0.00,0.00,0.00,0.00
Kaweh Beheshtizadeh,Liberal Democrats,Bracknell,14.26,"3,347.72","78,978","12,577.00",26.62,"2,870.22",477.50,0.00,0.00,175.00,"2,695.22",202.50,0.00,275.00,0.00,250.00,"4,236.00"
James Sunderland,Conservative and Unionist Party,Bracknell,58.68,"10,868.25","78,662","13,419.72",80.99,"9,399.46","1,468.79",0.00,0.00,"2,956.85","5,259.25",0.00,0.00,0.00,"2,652.15",75.00,"9,399.46"
Imran Hussain,Labour Party,Bradford East,62.98,"11,158.21","70,517","12,931.02",86.29,0.00,"11,158.21",0.00,0.00,650.00,"10,068.21",0.00,0.00,0.00,440.00,0.00,0.00
Kaweh Beheshtizadeh,Liberal Democrats,Bracknell,14.26,"3,347.72","78,978","12,577.00",26.62,"2,870.22",477.50,0.00,0.00,175.00,"2,695.22",202.50,0.00,275.00,0.00,250.00,"4,236.00"
Linden Kemkaran,Conservative and Unionist Party,Bradford East,21.91,"1,415.76","70,517","12,931.02",10.95,"1,168.30",247.46,0.00,0.00,550.00,348.30,0.00,270.00,97.46,150.00,83.68,"1,168.30"
Jeanette Sunderland,Liberal Democrats,Bradford East,7.5,"6,063.43","70,517","12,931.02",46.89,"3,867.99","2,195.44",0.00,0.00,0.00,"4,519.99",0.00,0.00,678.55,864.89,0.00,"6,064.54"
Judith Cummins,Labour Party,Bradford South,46.27,"11,520.04","67,084","12,725.04",90.53,466.82,"11,053.22",0.00,0.00,419.24,"8,981.59",0.00,0.00,505.43,"1,613.78",0.00,"17,053.22"
Alun Griffiths,Liberal Democrats,Bradford South,3.79,"1,054.17","67,084","12,725.04",8.28,119.40,934.77,0.00,0.00,0.00,173.70,0.00,0.00,407.13,473.34,0.00,"1,054.77"
Matthew Edwards,Green Party,Bradford South,2.47,"1,440.20","67,084","12,725.04",11.32,"1,440.20",0.00,0.00,0.00,9.60,"1,430.60",0.00,0.00,0.00,0.00,0.00,"1,440.20"
Kulvinder Manik,Brexit Party,Bradford South,7.09,"10,666.44","67,084","12,725.04",83.82,"10,666.44",0.00,0.00,0.00,"7,396.23","2,678.00",102.24,60.00,300.00,129.97,0.00,0.00
Narinder Sekhon,Conservative and Unionist Party,Bradford South,40.37,"9,480.85","67,084","12,725.04",74.51,"9,233.39",247.46,0.00,0.00,"2,509.37","5,074.84",6.20,553.00,"1,107.46",229.98,0.00,"9,233.39"
Naz Shah,Labour Party,Bradford West,76.22,"6,965.31","67,917","12,775.02",54.52,0.00,"6,965.31",0.00,0.00,"2,631.64","2,965.90",0.00,0.00,0.00,"1,367.77",857.20,"6,965.31"
Derrick Hodgson,Brexit Party,Bradford West,3.52,0.00,"67,917","12,775.00",0,0.00,0.00,0.00,0.00,0.00,0.00,0.00,0.00,0.00,0.00,0.00,0.00
Darren Parkinson,Green Party,Bradford West,1.84,0.00,"70,694","12,775.02",0,0.00,0.00,0.00,0.00,0.00,0.00,0.00,0.00,0.00,0.00,0.00,0.00
Mark Christie,Liberal Democrats,Bradford West,3.05,685.25,"67,917","12,775.02",5.36,69.08,616.17,0.00,0.00,0.00,69.08,0.00,0.00,271.42,344.75,0.00,686.17
Mohammed Afzal,Conservative and Unionist Party,Bradford West,15.18,"3,678.14","67,917","12,775.02",28.79,"3,310.68",367.46,0.00,0.00,"1,010.68","1,675.00",0.00,625.00,97.46,270.00,150.00,"3,310.68"
James Cleverly,Conservative and Unionist Party,Braintree,67.55,"8,362.77","75,208","15,468.72",54.06,"7,081.19","1,281.58",0.00,0.00,419.99,"4,439.80",0.00,0.00,"2,789.40",713.58,100.00,"8,362.77"
Jo Beavis,Independent and Other,Braintree,2.95,"1,478.28","75,208","15,468.72",9.56,"1,478.28",0.00,0.00,0.00,150.00,"1,267.97",60.31,0.00,0.00,0.00,0.00,"1,478.28"
Jane Dodds,Liberal Democrats,Brecon and Radnorshire,35.88,"12,066.42","52,870","13,458.30",89.66,"8,653.78","3,412.64",0.00,0.00,"3,296.28","5,657.25",0.00,0.00,"1,203.36","1,909.53",0.00,"50,229.31"
James Cleverly,Conservative and Unionist Party,Braintree,67.55,"8,362.77","75,208","15,468.72",54.06,"7,081.19","1,281.58",0.00,0.00,419.99,"4,439.80",0.00,0.00,"2,789.40",713.58,100.00,"8,362.77"
Fay Jones,Conservative and Unionist Party,Brecon and Radnorshire,53.14,"12,461.91","52,870","13,458.30",92.6,0.00,"12,461.91",0.00,0.00,"2,311.43","5,406.96",212.28,274.66,"3,003.49","1,253.09",250.00,"12,461.91"
Tom Davies,Labour Party,Brecon and Radnorshire,9.55,"2,475.11","55,490","13,694.10",18.07,"2,390.91",84.20,0.00,0.00,33.52,"2,357.39",0.00,0.00,0.00,0.00,0.00,"2,390.91"
Jeff Green,Independent and Other,Brecon and Radnorshire,0.59,NaN,NaN,NaN,NaN,NaN,NaN,NaN,NaN,NaN,NaN,0.00,NaN,NaN,NaN,NaN,NaN
Dawn Butler,Labour Party,Brent Central,64.68,"8,879.58","79,279","13,457.00",65.98,0.00,"8,879.58",0.00,0.00,737.23,"5,747.53",192.85,0.00,0.00,"2,201.97",0.00,"4,165.00"
Deborah Unger,Liberal Democrats,Brent Central,9.86,"1,768.82","80,627","13,537.00",13.07,"1,743.82",25.00,0.00,0.00,25.00,"1,743.82",0.00,0.00,0.00,0.00,NaN,"1,768.82"
David Brescia,Conservative and Unionist Party,Brent Central,22.2,"2,491.07","79,279","13,456.74",18.51,"1,948.40",542.67,0.00,0.00,53.70,"1,930.74",4.30,0.00,384.61,117.72,0.00,"3,347.67"
William Relton,Green Party,Brent Central,3.26,251.27,"79,279","13,456.00",1.87,251.27,0.00,0.00,0.00,0.00,251.27,0.00,0.00,0.00,0.00,0.00,0.00
Barry Gardiner,Labour Party,Brent North,51.87,"11,059.42","80,694","13,541.64",81.67,0.00,"11,059.42",0.00,0.00,"1,622.34","7,943.88",180.00,0.00,200.00,"1,113.20",210.00,"11,059.42"
Paul Lorber,Liberal Democrats,Brent North,7.84,569.79,"80,694","13,541.64",4.21,569.79,0.00,0.00,0.00,0.00,569.79,0.00,0.00,0.00,0.00,0.00,569.79
Elcena Jeffers,Independent and Other,Brent North,0.19,NaN,"80,694",0.00,NaN,NaN,NaN,NaN,NaN,NaN,NaN,NaN,NaN,NaN,NaN,NaN,NaN
Noel Coonan,Independent and Other,Brent North,0.33,0.00,NaN,0.00,0,0.00,0.00,0.00,0.00,0.00,0.00,0.00,0.00,0.00,0.00,0.00,0.00
Anjana Patel,Conservative and Unionist Party,Brent North,36.3,"8,402.61","83,788","13,727.28",61.21,"6,517.35","1,885.26",0.00,0.00,"3,357.96","3,210.40",0.00,0.00,627.95,"1,206.30",0.00,"5,899.00"
Simon Rebbitt,Green Party,Brent North,1.64,0.00,"80,694","13,541.00",0,0.00,0.00,0.00,0.00,0.00,0.00,0.00,0.00,0.00,0.00,0.00,0.00
Ruth Cadbury,Labour Party,Brentford and Isleworth,50.18,"12,524.97","82,723","13,663.38",91.67,"12,064.97",460.00,0.00,0.00,602.00,"6,020.00",0.00,31.25,"3,600.00","2,271.72",154.80,"12,524.97"
Daniel Goldsmith,Green Party,Brentford and Isleworth,3.14,852.82,"82,723","13,663.38",6.24,852.82,0.00,0.00,0.00,0.00,821.57,0.00,31.25,0.00,0.00,NaN,852.82
Helen Cross,Liberal Democrats,Brentford and Isleworth,12.54,"5,395.58","82,723","13,663.38",39.49,"5,395.58",0.00,0.00,0.00,"1,661.77","3,733.81",0.00,0.00,0.00,0.00,30.00,"7,307.75"
Seena Shah,Conservative and Unionist Party,Brentford and Isleworth,32.15,"9,899.11","82,723","13,449.48",73.6,"6,823.61","3,075.50",0.00,0.00,"1,871.88","4,023.48",0.00,31.25,"1,882.50","2,090.00",0.00,"1,499.00"
Oliver Durose,Labour Party,Brentwood and Ongar,13.68,"2,605.54","74,219","13,157.00",19.8,"2,605.54",0.00,0.00,0.00,0.00,"2,605.54",0.00,0.00,0.00,0.00,0.00,0.00
David Kendall,Liberal Democrats,Brentwood and Ongar,13.57,"2,769.99","74,219","13,157.46",21.05,"2,769.99",0.00,0.00,0.00,0.00,"2,769.99",0.00,0.00,0.00,0.00,0.00,"1,315.00"
Madeleine Moon,Labour Party,Bridgend,40.34,"9,210.54","63,303","14,397.27",63.97,0.00,"9,210.54",0.00,0.00,856.32,"7,487.50",0.00,0.00,284.70,582.02,0.00,"9,210.54"
Jonathan Pratt,Liberal Democrats,Bridgend,5.61,0.00,"62,185","14,296.65",0,0.00,0.00,0.00,0.00,0.00,0.00,0.00,0.00,0.00,0.00,0.00,0.00
Jamie Wallis,Conservative and Unionist Party,Bridgend,43.07,"13,456.35","63,303","14,397.27",93.46,"8,922.31","4,534.04",0.00,0.00,"1,789.96","10,750.89",0.00,29.17,10.00,876.33,50.00,"13,456.35"
Leanne Lewis,Plaid Cymru,Bridgend,4.77,"1,272.00","63,303","14,397.27",8.84,"1,272.00",0.00,0.00,0.00,0.00,"1,272.00",0.00,0.00,0.00,0.00,0.00,"1,272.00"
Alex Harris,Green Party,Bridgend,1.93,160.00,"63,303","14,397.27",1.11,160.00,0.00,0.00,0.00,160.00,0.00,0.00,0.00,0.00,0.00,0.00,58.00
Robert Morgan,Brexit Party,Bridgend,4.29,"6,134.40","63,303","8,229.39",74.54,"6,134.40",0.00,0.00,0.00,"3,388.40","2,746.00",0.00,0.00,0.00,0.00,0.00,0.00
Ian Liddell-Grainger,Conservative and Unionist Party,Bridgwater and West Somerset,62.14,"14,559.29","82,985","16,168.65",90.05,"5,316.06","9,243.23",0.00,0.00,909.17,"10,943.05",0.00,0.00,"1,622.25","1,084.82",0.00,"14,559.29"
David Dobbie,Liberal Democrats,Brigg and Goole,5.02,463.78,"64,325","14,489.25",3.2,463.78,0.00,0.00,0.00,0.50,463.28,0.00,0.00,0.00,0.00,0.00,633.00
Andrew Percy,Conservative and Unionist Party,Brigg and Goole,71.29,"13,482.20","64,325","14,489.25",93.05,0.00,"13,482.20",0.00,0.00,330.36,"11,617.08",831.49,0.00,0.00,703.27,300.00,"13,482.20"
Jo Baker,Green Party,Brigg and Goole,2.95,110.00,"64,325","14,489.25",0.76,110.00,0.00,0.00,0.00,0.00,110.00,0.00,0.00,0.00,0.00,0.00,0.00
Majid Khan,Labour Party,Brigg and Goole,20.74,"3,743.55","64,325","14,489.25",25.84,0.00,"3,743.55",0.00,0.00,741.58,"3,001.97",0.00,0.00,0.00,0.00,30.38,"3,743.55"
Lloyd Russell-Moyle,Labour Party,"Brighton, Kemptown",51.58,"12,213.15","65,148","12,608.88",96.86,332.00,"11,881.15",0.00,0.00,0.00,"11,036.15",0.00,0.00,0.00,"1,177.00","2,067.05","16,681.15"
Joe Miller,Conservative and Unionist Party,"Brighton, Kemptown",34.97,"12,023.72","65,148","12,608.88",95.36,"8,952.81","3,070.91",0.00,0.00,"1,394.68","6,125.71",0.00,44.64,933.26,"3,525.43",0.00,"12,023.72"
Alexandra Phillips,Green Party,"Brighton, Kemptown",4.61,"5,178.76","65,148","12,608.88",41.07,0.00,"5,178.76",0.00,0.00,"1,406.82","2,219.64",5.00,0.00,"1,074.95",472.35,24.00,"5,178.76"
Ben Thomas,Liberal Democrats,"Brighton, Kemptown",6.11,"1,348.00","65,148","12,609.00",10.69,"1,348.00",0.00,0.00,0.00,0.00,"1,348.00",0.00,0.00,0.00,0.00,0.00,"1,348.00"
Graham Cushway,Brexit Party,"Brighton, Kemptown",2.73,"2,629.15","66,557","12,693.42",20.71,"2,629.15",0.00,0.00,0.00,179.15,"2,450.00",0.00,0.00,0.00,0.00,0.00,0.00
Caroline Lucas,Green Party,"Brighton, Pavilion",57.16,"10,782.56","70,914","12,954.84",83.23,"7,694.95","3,087.61",0.00,0.00,"2,563.05","3,941.07",5.00,0.00,"3,487.38",786.06,45.71,"10,782.56"
Adam Imanpour,Labour Party,"Brighton, Pavilion",22.78,"5,608.48","79,057","13,443.42",41.72,164.02,"5,444.46",0.00,0.00,302.82,"4,658.19",254.97,0.00,0.00,392.50,0.00,"5,444.46"
Nigel Furness,UK Independence Party,"Brighton, Pavilion",0.31,902.00,"70,914",NaN,NaN,902.00,0.00,0.00,0.00,0.00,902.00,0.00,0.00,0.00,0.00,0.00,0.00
Emma Hogan,Conservative and Unionist Party,"Brighton, Pavilion",17.55,"6,690.14","79,057","12,608.00",53.06,"5,774.49",915.65,0.00,0.00,10.00,"5,774.49",0.00,0.00,639.28,266.37,0.00,"6,415.18"
Richard Milton,Brexit Party,"Brighton, Pavilion",1.33,"4,535.50","79,057","13,443.00",33.74,"4,535.50",0.00,0.00,0.00,0.00,"4,535.50",0.00,0.00,0.00,0.00,0.00,0.00
Citizen Skwith,Independent and Other,"Brighton, Pavilion",0.52,451.00,"70,914","12,954.84",3.48,451.00,0.00,0.00,0.00,451.00,0.00,0.00,0.00,0.00,0.00,0.00,0.00
Kerry McCarthy,Labour Party,Bristol East,53.14,"11,784.90","71,915","13,014.90",90.55,0.00,"11,784.90",0.00,0.00,"1,923.62","5,866.50",0.00,0.00,0.00,"3,994.78",0.00,"11,784.90"
Conan Connolly,Green Party,Bristol East,4.04,"2,158.23","71,915","13,014.90",16.58,"2,158.23",0.00,0.00,0.00,0.00,650.00,55.27,0.00,"1,308.23",144.73,0.00,110.50
Darren Jones,Labour Party,Bristol North West,48.9,"11,885.62","76,273","13,276.38",89.52,0.00,"11,885.62",0.00,0.00,"2,395.53","6,164.49",0.00,30.00,0.00,"3,295.60",0.00,"11,885.62"
Chris Coleman,Liberal Democrats,Bristol North West,8.84,"10,192.72","76,273","13,276.38",76.77,"10,076.12",116.60,0.00,0.00,995.93,"6,084.19",0.00,0.00,"2,985.69",126.91,0.00,"10,523.37"
Karin Smyth,Labour Party,Bristol South,50.54,"10,342.11","84,079","13,744.74",75.24,0.00,"10,342.11",0.00,0.00,646.61,"9,313.06",0.00,0.00,0.00,382.44,0.00,"10,342.11"
Andrew Brown,Liberal Democrats,Bristol South,7.66,"4,352.40","84,079","13,744.74",31.67,"4,352.40",0.00,0.00,0.00,350.60,"3,416.72",0.00,0.00,450.00,135.08,0.00,"4,352.40"
Chris Coleman,Liberal Democrats,Bristol North West,8.84,"10,192.72","76,273","13,276.38",76.77,"10,076.12",116.60,0.00,0.00,995.93,"6,084.19",0.00,0.00,"2,985.69",126.91,0.00,"10,523.37"
Thangam Debbonaire,Labour Party,Bristol West,62.27,"9,668.21","92,025","14,221.00",67.99,"9,468.21",200.00,0.00,0.00,838.40,"7,436.34",0.00,0.00,0.00,"1,393.47",0.00,"5,930.00"
Andrew Boswell,Green Party,Broadland,2.48,100.20,"76,481","15,583.29",0.64,0.00,100.20,0.00,0.00,9.20,68.00,0.00,0.00,20.00,3.00,0.00,100.20
Jess Barnard,Labour Party,Broadland,21.19,"4,617.70","77,123","15,641.07",29.52,0.00,"4,617.70",0.00,0.00,225.00,"4,157.70",0.00,135.00,0.00,100.00,0.00,"4,617.70"
Jerome Mayhew,Conservative and Unionist Party,Broadland,59.56,"10,043.82","76,818","15,613.00",64.33,"9,747.66",296.16,0.00,0.00,"1,606.91","5,490.75",250.00,0.00,"1,381.71","1,314.45",NaN,"9,793.82"
Simon Rous,Independent and Other,Broadland,0.64,"4,364.17","76,481","15,175.17",28.76,"4,364.17",0.00,0.00,0.00,"1,072.07","3,025.32",266.78,0.00,0.00,0.00,0.00,0.00
Julie Ireland,Liberal Democrats,Bromley and Chislehurst,14.53,"5,066.79","65,245","12,614.70",40.17,"5,006.79",60.00,0.00,0.00,556.14,"4,490.65",0.00,0.00,0.00,20.00,20.00,"5,006.79"
Angela Wilkins,Labour Party,Bromley and Chislehurst,28.68,"3,349.00","65,245","12,614.70",26.55,0.00,"3,349.00",0.00,0.00,0.00,"3,320.00",0.00,0.00,0.00,29.00,0.00,"3,349.00"
Mary Ion,Green Party,Bromley and Chislehurst,3.39,260.00,"66,711","12,702.66",2.05,260.00,0.00,0.00,0.00,0.00,260.00,0.00,0.00,0.00,0.00,0.00,166.67
Jyoti Dialani,Independent and Other,Bromley and Chislehurst,0.26,"4,110.18","65,245","12,614.70",32.58,678.77,"3,431.41",0.00,0.00,"2,060.96",687.97,349.79,0.00,470.26,541.20,0.00,"4,110.18"
Zion Amodu,Independent and Other,Bromley and Chislehurst,0.56,965.50,"65,245",NaN,NaN,965.50,0.00,0.00,0.00,0.00,965.50,0.00,0.00,0.00,0.00,0.00,0.00
Sajid Javid,Conservative and Unionist Party,Bromsgrove,63.4,"14,332.71","73,743","15,336.87",93.45,"1,883.17","12,449.54",0.00,0.00,"2,573.35","7,645.92",29.31,318.00,"2,575.01","1,191.12",0.00,"29,309.54"
Kevin White,Green Party,Bromsgrove,3.29,0.00,"75,079","15,457.11",0,0.00,0.00,0.00,0.00,0.00,0.00,0.00,0.00,0.00,0.00,0.00,0.00
Rory Shannon,Labour Party,Bromsgrove,20.82,911.00,NaN,NaN,NaN,911.00,0.00,0.00,0.00,0.00,911.00,0.00,0.00,0.00,0.00,0.00,300.00
David Nicholl,Liberal Democrats,Bromsgrove,12.49,"4,100.46","75,078","15,457.02",26.53,"3,942.39",157.50,0.00,0.00,"1,134.46","2,834.40",0.00,132.00,0.00,0.00,NaN,"3,874.78"
Charles Walker,Conservative and Unionist Party,Broxbourne,65.58,"8,514.69","72,328","15,209.52",55.98,"7,427.78","1,086.91",0.00,0.00,321.56,"4,452.22",0.00,0.00,"3,116.46",624.45,100.00,"8,514.69"
Nicholas Cox,Green Party,Broxbourne,2.74,129.43,NaN,"8,700.00",1.49,129.43,0.00,0.00,0.00,129.43,0.00,0.00,0.00,0.00,0.00,0.00,61.00
Sean Waters,Labour Party,Broxbourne,23.17,"1,529.00","71,225","12,973.50",11.79,"1,529.00",0.00,0.00,0.00,129.00,"1,400.00",0.00,0.00,0.00,0.00,0.00,0.00
Julia Bird,Liberal Democrats,Broxbourne,8.5,"2,567.36","73,182","13,090.92",19.61,"2,567.36",0.00,0.00,0.00,81.01,"2,072.30",0.00,0.00,0.00,414.05,0.00,0.00
Anna Soubry,Independent and Other,Broxtowe,8.45,"12,206.09","71,586","15,142.74",80.61,"12,206.09",45.00,0.00,0.00,500.94,"9,909.63",72.00,0.00,0.00,"1,723.52",0.00,"16,650.00"
Darren Henry,Conservative and Unionist Party,Broxtowe,48.13,"14,602.97","71,586","15,142.74",96.44,0.00,"14,602.97",0.00,0.00,"1,278.02","11,779.56",0.00,176.00,917.60,451.79,150.00,"14,602.97"
Kat Boettge,Green Party,Broxtowe,3.27,978.00,"71,586","12,995.16",7.53,978.00,0.00,0.00,0.00,0.00,978.00,0.00,0.00,0.00,0.00,29.80,0.00
David Bishop,Independent and Other,Broxtowe,0.31,50.00,"71,586","13,127.48",0.38,50.00,0.00,0.00,0.00,30.00,20.00,0.00,0.00,0.00,0.00,NaN,0.00
Teck Khong,Independent and Other,Broxtowe,0.58,"1,843.30",NaN,"8,700.00",21.19,"1,661.07",182.23,0.00,0.00,"1,036.07",625.00,0.00,0.00,0.00,0.00,NaN,"1,705.00"
Greg Marshall,Labour Party,Broxtowe,38.48,"7,692.92","71,586",NaN,NaN,"7,429.66",263.26,0.00,0.00,263.26,"5,650.00",0.00,585.00,"1,194.26",0.00,0.00,0.00
Stephen Dorrell,Liberal Democrats,Buckingham,26.2,"6,972.95","82,348","16,111.32",43.28,"6,575.27",397.68,0.00,0.00,0.00,"6,016.60",0.00,0.00,397.68,558.67,0.00,"11,500.00"
Greg Smith,Conservative and Unionist Party,Buckingham,58.36,"14,471.40","82,348","16,111.32",89.82,"6,610.90","7,860.50",0.00,0.00,"1,770.50","7,478.90",371.25,0.00,"2,120.00","2,730.75",0.00,"14,471.40"
Andrew Bell,Brexit Party,Buckingham,2.03,"2,450.00","82,348","16,111.00",15.21,"2,450.00",0.00,0.00,0.00,0.00,"2,450.00",0.00,0.00,0.00,0.00,174.72,0.00
David Morgan,Labour Party,Aldridge-Brownhills,20.37,460.87,"59,137",NaN,NaN,0.00,460.87,0.00,0.00,252.27,191.35,0.00,0.00,0.00,17.25,0.00,460.87
Ned Thompson,Independent and Other,Buckingham,1.07,NaN,NaN,NaN,NaN,NaN,NaN,NaN,NaN,NaN,NaN,NaN,NaN,NaN,NaN,NaN,NaN
Julie Cooper,Labour Party,Burnley,36.86,"9,103.34","64,343","12,560.58",72.48,0.00,"9,103.34",0.00,0.00,"1,865.64","5,687.70",0.00,300.00,0.00,"1,250.00",0.00,"9,103.34"
Gordon Birtwistle,Liberal Democrats,Burnley,8.98,"2,504.99","63,393","12,503.58",20.03,"2,404.99",100.00,0.00,0.00,621.97,"1,832.98",0.00,0.00,0.00,50.00,0.00,"2,404.99"
Laura Fisk,Green Party,Burnley,1.9,252.29,"63,393","12,503.58",2.02,252.29,0.00,0.00,0.00,252.29,0.00,0.00,0.00,0.00,0.00,0.00,252.29
Julie Cooper,Labour Party,Burnley,36.86,"9,103.34","64,343","12,560.58",72.48,0.00,"9,103.34",0.00,0.00,"1,865.64","5,687.70",0.00,300.00,0.00,"1,250.00",0.00,"9,103.34"
Antony Higginbotham,Conservative and Unionist Party,Burnley,40.32,"6,674.40","63,393","12,503.58",53.38,0.00,"6,674.40",0.00,0.00,"2,618.49","3,488.76",244.39,0.00,98.31,224.45,973.33,"6,674.40"
Laura Fisk,Green Party,Burnley,1.9,252.29,"63,393","12,503.58",2.02,252.29,0.00,0.00,0.00,252.29,0.00,0.00,0.00,0.00,0.00,0.00,252.29
Charlie Briggs,Independent and Other,Burnley,2.98,382.90,NaN,NaN,NaN,382.90,0.00,0.00,0.00,72.95,309.95,0.00,0.00,0.00,0.00,0.00,0.00
Adam Wain,Liberal Democrats,Burton,5.5,"1,356.04","75,036","15,453.00",8.78,"1,356.04",0.00,0.00,0.00,266.04,"1,060.00",0.00,30.00,0.00,0.00,0.00,"1,356.04"
Kate Griffiths,Conservative and Unionist Party,Burton,60.65,"11,737.48","75,036","15,453.24",75.95,"7,240.59","4,496.89",0.00,0.00,"1,472.06","6,955.50",100.00,76.13,"1,059.49","2,074.30",0.00,"11,737.48"
Louise Walker,Labour Party,Burton,30.91,"8,387.71","75,036","15,453.00",54.28,"8,387.71",0.00,0.00,0.00,"3,741.71","4,626.00",0.00,820.00,0.00,0.00,0.00,"1,280.00"
James Daly,Conservative and Unionist Party,Bury North,46.24,"11,451.05","68,802","12,828.12",89.27,0.00,"11,451.05",0.00,0.00,"1,960.72","7,641.44",13.74,5.22,755.37,"1,074.56",393.75,"11,451.05"
James Frith,Labour Party,Bury North,46.02,"12,528.60","68,802","12,828.12",97.67,0.00,"12,528.60",0.00,0.00,"4,409.44","7,576.83",0.00,80.00,0.00,462.23,0.00,"12,528.60"
Charlie Allen,Green Party,Bury North,1.71,118.50,"68,802","12,828.12",0.92,118.50,0.00,0.00,0.00,0.00,118.50,0.00,0.00,0.00,0.00,0.00,190.00
James Daly,Conservative and Unionist Party,Bury North,46.24,"11,451.05","68,802","12,828.12",89.27,0.00,"11,451.05",0.00,0.00,"1,960.72","7,641.44",13.74,5.22,755.37,"1,074.56",393.75,"11,451.05"
Alan McCarthy,Brexit Party,Bury North,2.65,"3,700.74",NaN,NaN,NaN,"3,700.74",0.00,0.00,0.00,320.00,"2,450.00",188.50,0.00,0.00,742.24,0.00,NaN
Ivan Lewis,Independent and Other,Bury South,2.72,"11,080.73","75,152","13,209.12",83.89,"10,680.73",400.00,0.00,0.00,"2,068.00","6,190.96",89.19,0.00,"2,064.60",667.98,0.00,"11,994.00"
Richard Kilpatrick,Liberal Democrats,Bury South,4.6,"1,392.37","75,152","13,209.00",10.54,"1,392.37",0.00,0.00,0.00,0.00,"1,392.37",0.00,0.00,0.00,0.00,0.00,NaN
Glyn Heath,Green Party,Bury South,1.69,0.00,"75,152","13,209.12",0,0.00,0.00,0.00,0.00,0.00,0.00,0.00,0.00,0.00,0.00,0.00,0.00
Christian Wakeford,Conservative and Unionist Party,Bury South,43.83,"12,128.75","75,152","13,209.12",91.82,0.00,"12,128.75",0.00,0.00,"1,042.61","8,069.27",223.02,5.22,"2,053.62",735.01,787.50,"12,128.75"
Andrea Livesey,Brexit Party,Bury South,3.33,"5,090.00",NaN,NaN,NaN,0.00,"5,090.00",0.00,0.00,500.00,"4,580.00",0.00,10.00,0.00,0.00,660.15,"7,000.00"
Gemma Evans,Independent and Other,Bury South,0.26,"1,859.87","75,142","13,208.52",14.08,0.00,"1,859.87",0.00,0.00,450.61,435.38,266.40,0.00,675.14,32.34,0.00,"1,859.87"
Lucy Burke,Labour Party,Bury South,43.03,"12,807.04","75,152","13,209.12",96.96,0.00,"12,807.04",0.00,0.00,327.00,"6,436.68",98.00,0.00,"3,465.90","2,479.46",0.00,"2,965.96"
Michael Boyle,Independent and Other,Bury South,0.55,"1,516.49",NaN,NaN,NaN,"1,516.49",0.00,0.00,0.00,958.00,525.50,0.00,0.00,0.00,32.99,0.00,NaN
Helen Geake,Green Party,Bury St Edmunds,15.67,"9,028.42","87,936","16,614.51",54.34,"9,028.42",0.00,0.00,0.00,"3,542.66","5,038.73",0.00,160.00,240.00,47.03,0.00,"1,600.00"
Jo Churchill,Conservative and Unionist Party,Bury St Edmunds,60.96,"10,723.95","87,712","16,594.08",64.63,"10,334.55",389.40,0.00,0.00,696.58,"6,990.97",0.00,0.00,"2,496.16",540.24,0.00,"10,723.95"
Cliff Waterman,Labour Party,Bury St Edmunds,20.63,"4,832.72","89,644","16,767.96",28.82,"4,832.72",0.00,0.00,0.00,162.00,"4,618.00",0.00,0.00,0.00,52.72,0.00,0.00
Lindsay Whittle,Plaid Cymru,Caerphilly,16.01,"7,846.53","63,166","14,384.94",54.55,"6,621.60","1,224.93",0.00,0.00,"1,151.53","6,695.00",0.00,0.00,0.00,0.00,0.00,"7,845.53"
Wayne David,Labour Party,Caerphilly,44.91,"8,484.70","63,166","14,385.00",58.98,0.00,"8,484.70",0.00,0.00,424.76,"6,654.14",0.00,8.68,0.00,"1,397.12",0.00,"8,484.70"
Nathan Gill,Brexit Party,Caerphilly,11.19,"8,749.37","63,465","14,411.85",60.71,"8,749.37",0.00,0.00,0.00,"3,750.00","3,837.00",0.00,0.00,750.00,412.37,864.67,0.00
Jane Pratt,Conservative and Unionist Party,Caerphilly,27.88,"2,670.32",NaN,NaN,NaN,"1,748.22",922.10,0.00,0.00,"1,155.42","1,427.80",0.00,87.10,0.00,0.00,65.20,"2,670.32"
Sandra Skinner,Brexit Party,"Caithness, Sutherland and Easter Ross",3.62,"2,205.00","46,428","11,485.68",19.2,"2,205.00",0.00,0.00,0.00,0.00,"2,205.50",0.00,0.00,0.00,0.00,365.40,0.00
Jamie Stone,Liberal Democrats,"Caithness, Sutherland and Easter Ross",37.21,"12,504.61","46,428","12,878.52",97.1,"5,506.78","6,997.83",0.00,0.00,"2,214.00","8,567.72",80.00,0.00,"1,252.89",390.00,250.00,"12,504.61"
Karl Rosie,Scottish National Party,"Caithness, Sutherland and Easter Ross",36.56,"11,494.02","46,428","12,878.52",89.25,"11,044.02",450.00,0.00,0.00,"5,093.79","5,691.85",124.89,550.00,13.49,20.00,368.19,"18,513.20"
Andrew Sinclair,Conservative and Unionist Party,"Caithness, Sutherland and Easter Ross",16.45,"4,060.36","46,428","12,878.52",31.53,0.00,"4,060.36",0.00,0.00,"1,391.80","1,674.17",176.11,0.00,202.00,616.28,135.00,"4,060.36"
Cheryl McDonald,Labour Party,"Caithness, Sutherland and Easter Ross",6.15,"2,136.04","46,428","12,879.00",16.59,"2,136.04",0.00,0.00,0.00,820.54,"1,315.50",0.00,0.00,0.00,0.00,0.00,"1,032.50"
Craig Whittaker,Conservative and Unionist Party,Calder Valley,51.88,"13,426.82","77,065","15,635.85",85.87,0.00,"13,426.82",0.00,0.00,"2,807.55","9,472.81",138.57,310.58,97.46,599.85,0.00,"13,426.82"
Javed Bashir,Liberal Democrats,Calder Valley,4.99,"3,969.79","77,065","15,635.85",25.39,"3,937.79",32.00,0.00,0.00,676.17,"3,243.62",0.00,0.00,0.00,50.00,0.00,"3,969.79"
Richard Phillips,Independent and Other,Calder Valley,1.25,685.00,"77,065","13,935.85",4.92,685.00,0.00,0.00,0.00,685.00,0.00,0.00,0.00,0.00,0.00,0.00,0.00
Joshua Ogunleye,Independent and Other,Camberwell and Peckham,0.22,"1,500.00","78,605","250,000.00",0.6,0.00,0.00,0.00,0.00,0.00,"1,500.00",0.00,0.00,0.00,0.00,0.00,0.00
Harriet Harman,Labour Party,Camberwell and Peckham,71.26,"3,792.00","88,971","14,038.00",27.01,0.00,"3,792.00",0.00,0.00,294.00,"3,498.00",0.00,0.00,0.00,0.00,0.00,"3,792.00"
Julia Ogiehor,Liberal Democrats,Camberwell and Peckham,9,"3,244.85","88,971","13,771.35",23.56,"3,244.85",0.00,0.00,0.00,0.00,"2,532.82",0.00,0.00,276.90,435.13,0.00,"5,336.70"
Claire Sheppard,Green Party,Camberwell and Peckham,6.2,"1,308.06","88,971","14,038.26",9.32,765.06,543.00,0.00,0.00,218.00,631.00,0.00,0.00,0.00,459.06,178.00,325.00
Jean-Claude Cass-Horne,Brexit Party,Camberwell and Peckham,1.84,0.00,"88,971","14,038.26",0,0.00,0.00,0.00,0.00,0.00,0.00,0.00,0.00,0.00,0.00,0.00,0.00
George Eustice,Conservative and Unionist Party,Camborne and Redruth,53.14,"11,996.62","70,250","14,745.93",81.36,"5,140.76","6,855.86",0.00,0.00,953.60,"7,190.23",0.00,151.42,"3,080.00",621.37,152.50,"11,996.62"
Paul Holmes,Conservative and Unionist Party,Eastleigh,55.43,"8,233.73","82,091","13,625.46",60.43,"6,611.26","1,622.47",0.00,0.00,"1,035.91","5,343.20",59.99,26.75,"1,375.85",392.03,99.98,"8,233.73"
Daniel Zeichner,Labour Party,Cambridge,47.97,"12,484.01","74,669","13,180.14",94.72,0.00,"12,484.01",0.00,0.00,"1,003.87","9,325.36",0.00,0.00,"1,279.78",875.00,0.00,"12,484.01"
Keith Garrett,Independent and Other,Cambridge,0.12,0.00,"74,669","13,180.14",0,0.00,0.00,0.00,0.00,0.00,0.00,0.00,0.00,0.00,0.00,0.00,0.00
Jeremy Caddick,Green Party,Cambridge,4.03,"2,289.60","74,669","13,181.94",17.37,"2,289.60",0.00,0.00,0.00,197.78,"2,091.82",0.00,0.00,0.00,0.00,0.00,"2,289.00"
Rod Cantrill,Liberal Democrats,Cambridge,30.03,"12,106.64","74,669","13,180.14",91.86,"11,683.46",423.18,0.00,0.00,"1,054.92","7,758.67",26.80,0.00,"1,968.75","1,297.54",0.00,"11,682.46"
Peter Dawe,Brexit Party,Cambridge,1.94,"9,655.00","74,669",NaN,NaN,"8,375.00","1,280.00",0.00,0.00,NaN,"1,280.00",NaN,NaN,NaN,NaN,NaN,"5,000.00"
Russell Perrin,Conservative and Unionist Party,Cambridge,15.53,"7,932.49","74,669","13,180.14",60.19,"6,862.49","1,070.00",0.00,0.00,739.12,"4,405.51","1,751.42",0.00,0.00,"1,036.44",15.90,"8,070.00"
Jane Robins,Independent and Other,Cambridge,0.17,58.00,"74,669","13,180.14",0.44,0.00,58.00,0.00,0.00,0.00,58.00,0.00,0.00,0.00,0.00,0.00,58.00
Amanda Milling,Conservative and Unionist Party,Cannock Chase,68.31,"13,022.44","73,531","15,317.79",85.02,"7,690.44","5,332.00",0.00,0.00,674.70,"10,465.74",0.00,0.00,0.00,"1,882.00",150.00,"13,022.44"
Paul Woodhead,Green Party,Cannock Chase,6.3,"3,267.74",NaN,NaN,NaN,"2,067.74","1,200.00",0.00,0.00,"2,046.50","1,221.29",0.00,0.00,0.00,0.00,0.00,"2,067.79"
Anne Hobbs,Labour Party,Cannock Chase,25.39,"4,772.14","74,813","15,317.79",31.15,0.00,"4,772.14",0.00,0.00,834.50,"3,857.64",0.00,0.00,0.00,80.00,0.00,"4,772.14"
Anna Firth,Conservative and Unionist Party,Canterbury,45.22,"14,476.62","80,184","15,916.56",90.95,"14,472.62",0.00,0.00,0.00,"2,986.05","8,991.56",998.89,0.00,"1,085.96",414.16,0.00,"14,476.62"
Claire Malcomson,Liberal Democrats,Canterbury,5.67,"2,578.64","70,183","15,016.47",17.17,"2,578.64",0.00,0.00,0.00,0.00,"2,568.80",0.00,0.00,0.00,12.84,206.96,"2,578.64"
Michael Gould,Independent and Other,Canterbury,0.84,"1,014.00","80,203","15,918.27",6.37,"1,014.00",0.00,0.00,0.00,20.00,994.00,0.00,0.00,0.00,0.00,0.00,0.00
Meirion Jenkins,Conservative and Unionist Party,Cardiff Central,20.15,"1,718.96","56,974","12,118.44",14.18,"1,656.96",62.00,0.00,0.00,0.00,"1,580.00",126.96,0.00,0.00,12.00,526.35,62.00
Jo Stevens,Labour Party,Cardiff Central,61.22,"10,681.98","56,974","12,118.44",88.15,0.00,"10,681.98",0.00,0.00,"1,138.92","5,446.60",0.00,0.00,0.00,"4,096.46",0.00,"10,681.98"
Brian Johnson,Independent and Other,Cardiff Central,0.21,"1,632.11","56,974","8,700.00",18.76,"1,632.11",0.00,0.00,0.00,545.11,"1,087.00",0.00,0.00,0.00,0.00,0.00,"1,632.11"
Bablin Molik,Liberal Democrats,Cardiff Central,15.06,"7,265.58","53,544","11,912.64",60.99,"7,179.43",86.15,0.00,0.00,70.00,"5,668.95",0.00,0.00,"1,069.49",457.14,0.00,"12,357.58"
Gareth Pearce,Brexit Party,Cardiff Central,2.41,"4,899.48","59,288","12,118.44",40.43,"4,899.48",0.00,0.00,0.00,"2,769.53",0.00,0.00,0.00,"2,100.00",29.95,0.00,0.00
Akil Kata,Independent and Other,Cardiff Central,0.28,595.00,NaN,NaN,NaN,595.00,0.00,0.00,0.00,595.00,0.00,0.00,0.00,0.00,0.00,0.00,0.00
Anna McMorrin,Labour Party,Cardiff North,49.49,"10,495.91","65,884","12,653.04",82.95,0.00,"10,495.91",0.00,0.00,"1,132.71","8,193.72",0.00,35.00,0.00,"1,134.48",0.00,"10,550.09"
Rhys Taylor,Liberal Democrats,Cardiff North,6.8,"3,832.69","65,884","12,653.04",30.29,"3,782.69",50.00,0.00,0.00,128.25,"3,669.44",0.00,0.00,0.00,35.00,0.00,"3,832.69"
Steffan Webb,Plaid Cymru,Cardiff North,3.05,"1,278.32","65,884","12,653.04",10.1,"1,278.32",0.00,0.00,0.00,38.32,"1,240.00",0.00,0.00,0.00,0.00,0.00,0.00
Michael Cope,Green Party,Cardiff North,1.56,228.00,"68,438","12,806.28",1.78,228.00,0.00,0.00,0.00,0.00,228.00,0.00,0.00,0.00,0.00,0.00,0.00
Richard Jones,Independent and Other,Cardiff North,0.39,341.28,"65,884","12,653.04",2.7,341.28,0.00,0.00,0.00,341.28,0.00,0.00,0.00,0.00,0.00,0.00,0.00
Ken Barker,Green Party,Cardiff South and Penarth,2.34,228.00,"76,669","8,700.00",2.62,228.00,0.00,0.00,0.00,0.00,228.00,0.00,0.00,0.00,0.00,0.00,0.00
Stephen Doughty,Labour Party,Cardiff South and Penarth,54.14,"12,846.36","76,669","13,300.14",96.59,0.00,"12,846.36",0.00,0.00,"3,026.46","7,921.62",313.15,15.00,0.00,"1,570.13",289.50,"12,846.36"
Tim Price,Brexit Party,Cardiff South and Penarth,3.95,"2,950.00","76,669","15,600.00",18.91,"2,950.00",0.00,0.00,0.00,500.00,"2,450.00",0.00,0.00,0.00,0.00,0.00,0.00
Dan Schmeising,Liberal Democrats,Cardiff South and Penarth,5.9,"2,326.48","76,669","13,300.14",17.49,"2,326.48",0.00,0.00,0.00,0.00,"2,326.48",0.00,0.00,0.00,0.00,0.00,"2,326.48"
Nasir Adam,Plaid Cymru,Cardiff South and Penarth,4.72,"2,011.00","76,669","13,300.14",15.12,"2,011.00",0.00,0.00,0.00,135.00,"1,876.00",0.00,0.00,0.00,0.00,0.00,"2,011.00"
Philippa Broom,Conservative and Unionist Party,Cardiff South and Penarth,28.95,"3,187.10","76,669","13,300.14",23.96,0.00,"3,187.10",0.00,0.00,248.64,"2,793.46",0.00,0.00,10.00,135.00,368.00,"3,187.10"
Kevin Brennan,Labour Party,Cardiff West,51.77,"10,978.04","66,900","12,714.00",86.35,0.00,"10,978.04",0.00,0.00,955.10,"7,781.86",0.00,0.00,0.00,"2,241.08",0.00,"10,978.04"
Callum Littlemore,Liberal Democrats,Cardiff West,5.91,"1,622.44","66,900","12,714.00",12.76,"1,622.44",0.00,0.00,0.00,0.00,"1,622.44",0.00,0.00,0.00,0.00,0.00,"1,622.44"
Carolyn Webster,Conservative and Unionist Party,Cardiff West,27.98,"4,559.96","66,900","12,714.00",35.87,"4,344.96",215.00,0.00,0.00,146.07,"4,213.89",0.00,0.00,200.00,0.00,85.00,"1,000.00"
David Griffin,Green Party,Cardiff West,2.45,228.00,"66,900","21,414.00",1.06,228.00,0.00,0.00,0.00,0.00,228.00,0.00,0.00,0.00,0.00,0.00,0.00
Boyd Clack,Plaid Cymru,Cardiff West,8.37,824.30,"66,900","12,714.00",6.48,72.30,752.00,0.00,0.00,52.00,700.00,72.30,0.00,0.00,0.00,0.00,824.30
Nick Mullins,Brexit Party,Cardiff West,3.51,"2,950.00","66,900","8,700.00",33.91,"2,950.00",0.00,0.00,0.00,500.00,"2,450.00",0.00,0.00,0.00,0.00,0.00,0.00
John Stevenson,Conservative and Unionist Party,Carlisle,55.18,"10,550.42","65,105","12,606.30",83.69,"3,832.47","6,717.95",0.00,0.00,"1,168.83","7,127.92",0.00,39.60,"1,412.15",801.92,0.00,"10,550.42"
Fiona Mills,UK Independence Party,Carlisle,2.44,800.62,"65,105","12,606.30",6.35,26.62,774.00,0.00,0.00,26.62,774.00,0.00,0.00,0.00,0.00,10.00,0.00
Ruth Alcroft,Labour Party,Carlisle,35.78,"10,778.48","65,105","12,606.00",85.5,0.00,"10,778.48",0.00,0.00,605.25,"6,520.11",0.00,0.00,"1,863.62","1,789.50",0.00,"10,778.48"
Julia Aglionby,Liberal Democrats,Carlisle,6.6,"6,747.08","62,653","12,459.18",54.15,"5,415.80","1,331.28",0.00,0.00,"2,416.18","3,215.90",0.00,0.00,305.00,810.00,0.00,"8,671.20"
Jonathan Edwards,Plaid Cymru,Carmarthen East and Dinefwr,38.87,"12,564.76","56,311","13,830.00",90.85,"12,564.76",0.00,0.00,0.00,"3,341.95","9,222.81",0.00,0.00,0.00,0.00,272.83,"13,000.00"
Maria Carroll,Labour Party,Carmarthen East and Dinefwr,21.03,"9,031.39","56,311","13,767.00",65.6,0.00,"9,031.39",0.00,0.00,"1,121.34","6,901.14",0.00,0.00,100.00,909.91,0.00,"9,031.39"
Pete Prosser,Brexit Party,Carmarthen East and Dinefwr,5.64,"6,101.50","56,311","13,830.00",44.12,"6,101.50",0.00,0.00,0.00,"2,372.00","3,729.50",0.00,0.00,0.00,0.00,666.00,0.00
Alistair Cameron,Liberal Democrats,Carmarthen West and South Pembrokeshire,4.42,"1,498.00","57,332","57,332.00",2.61,"1,498.00",0.00,0.00,0.00,120.00,"1,378.00",0.00,0.00,0.00,0.00,0.00,"1,498.00"
Simon Hart,Conservative and Unionist Party,Carmarthen West and South Pembrokeshire,52.67,"11,855.86","58,629","13,976.61",84.83,"11,120.86",735.00,0.00,0.00,"6,294.37","4,936.49",0.00,0.00,60.00,565.00,0.00,"20,750.00"
Marc Tierney,Labour Party,Carmarthen West and South Pembrokeshire,34.28,"12,846.86","58,629","13,976.61",91.92,0.00,"12,846.86",0.00,0.00,"3,068.53","7,334.26",0.00,569.20,"1,409.93",464.94,0.00,"12,846.86"
